,n_train,step,train_acc,train_acc,train_cost,train_cost,test_acc,test_acc,test_cost,test_cost
,,,mean,std,mean,std,mean,std,mean,std
0,1200,1,0.2350833333333333,0.06341920540368734,2.0810515628550155,0.008499839189616597,0.22400000000000003,0.06660172275312562,2.05760501662503,0.011361055611845701
1,1200,2,0.31895833333333334,0.08659446849357186,2.0570063719485603,0.008012807070116399,0.31100000000000005,0.09694816846346842,2.0439182005161753,0.012680398251041836
2,1200,3,0.36033333333333334,0.09782069765079825,2.0435362312213896,0.008449037840294611,0.34950000000000003,0.11199036612701627,2.0374128856806415,0.012249478441456862
3,1200,4,0.3924583333333333,0.11023283273272398,2.03555605475404,0.008580182394463842,0.37,0.12401188398061314,2.0330310568370016,0.011920027730734058
4,1200,5,0.4337916666666667,0.09826323512480642,2.029544618146807,0.008772165738136502,0.41600000000000004,0.10049351903690633,2.027362807287028,0.01063023543152311
5,1200,6,0.46341666666666664,0.08082989683416789,2.024024093984637,0.00811815664480617,0.4455,0.07943716484048721,2.0227062111294702,0.010042234435944163
6,1200,7,0.4686666666666667,0.08196615333415165,2.020323387706103,0.007272541820729998,0.45899999999999996,0.08717194140559824,2.0188306972233514,0.010143622922927626
7,1200,8,0.4900833333333333,0.08569329403911868,2.016845014367258,0.006963835863379183,0.4795,0.09665320535431379,2.015351670470945,0.010253401222039002
8,1200,9,0.5014583333333333,0.08152013124526736,2.0132551733461694,0.00681427848810755,0.489,0.09048989475422975,2.0129713561530096,0.010562362918259344
9,1200,10,0.5112083333333334,0.08772859654666079,2.0106582388218386,0.006614976828301715,0.5029999999999999,0.09884064793499954,2.0108975925905623,0.011112826969801197
10,1200,11,0.518,0.09360916321918754,2.008460636681728,0.006746595270085268,0.5170000000000001,0.0959769709220312,2.0083331757298897,0.011085668180932803
11,1200,12,0.5285416666666667,0.10274801509159752,2.005846200827578,0.006944602716278961,0.5235000000000002,0.1042403598975893,2.0055844025292577,0.010163860177683006
12,1200,13,0.5462083333333333,0.10086630423689243,2.0030023771754535,0.0070277011856471755,0.5370000000000001,0.10110442751510881,2.0031055690324573,0.009242399135024582
13,1200,14,0.5625416666666666,0.09038274486966767,2.0004601506143125,0.007280137292468972,0.5475000000000001,0.08914063400929427,2.0010933841387692,0.008824262144960498
14,1200,15,0.5663750000000001,0.08664105348576277,1.998472768015541,0.007419887629737347,0.554,0.0961030149042381,1.9994611739682928,0.008994403825502751
15,1200,16,0.5656666666666667,0.09320973959600763,1.9967628345099488,0.007628255584113392,0.5494999999999999,0.10215957589657673,1.9982398720614711,0.009256506406441203
16,1200,17,0.5634166666666667,0.10163319121013349,1.9951372972509493,0.007783960195232316,0.5495000000000001,0.11278647735293539,1.997397687901628,0.009178194551633937
17,1200,18,0.5684166666666667,0.10236812226538274,1.9936956231602103,0.007594775629277393,0.5485,0.11027596961117238,1.9965308446241994,0.00921990850872866
18,1200,19,0.5757916666666667,0.0959590993981808,1.9924721046863785,0.007428716863180919,0.552,0.09902684378224767,1.9952432112094303,0.00965429194385761
19,1200,20,0.5885,0.09179002863451534,1.9912680020026243,0.007601438619209156,0.567,0.09793123258587873,1.993756104431652,0.01018232543940984
20,1200,21,0.6003333333333333,0.0937231053040618,1.9900843366506684,0.00788487163296823,0.584,0.10070279356392724,1.9922454699753351,0.010649618450994089
21,1200,22,0.6079166666666667,0.09474592833295009,1.9888154084086782,0.008182141870260961,0.5870000000000001,0.11154890360167977,1.9906329348897434,0.011143093516095114
22,1200,23,0.6148333333333333,0.0969387429413077,1.9873632161689838,0.00852568468976461,0.5945,0.12360697476488257,1.9888986456704916,0.011631538276393924
23,1200,24,0.6211666666666666,0.10262932221240563,1.9858328414473985,0.008843435165523526,0.6079999999999999,0.1297609137484863,1.9872806283454232,0.012113961708053062
24,1200,25,0.6287916666666666,0.11029680684142765,1.9844858328986787,0.009180934207103362,0.624,0.13144540591759798,1.9860041933169175,0.012588071719572855
25,1200,26,0.6355000000000001,0.11296521743827695,1.9833992385113448,0.009446162644224218,0.6329999999999999,0.13719367792707468,1.9851041422917581,0.012846070445870566
26,1200,27,0.6387916666666666,0.11022719592832898,1.9824831655103619,0.009565227811808259,0.635,0.13628530445549258,1.9843199308576551,0.012849212314586727
27,1200,28,0.639625,0.10641914640806993,1.9815282457615844,0.009659123342421614,0.6295,0.1188752109965475,1.9834955767238405,0.012755141382735414
28,1200,29,0.6430416666666667,0.1056922581633703,1.9805146160538922,0.009803922683572462,0.63,0.11498283624775892,1.9826393080173985,0.01262710913663146
29,1200,30,0.6454583333333334,0.1013492582564017,1.9795220753128064,0.009948487630399475,0.6345,0.10733494060036654,1.9816813365003199,0.012483365142194842
30,1200,31,0.6493333333333333,0.09604366696931287,1.9785036690445092,0.009988819993563687,0.6415,0.0942155982169005,1.98065408518629,0.01239506384759418
31,1200,32,0.653875,0.09184403693154523,1.9775263777592234,0.009930652961949941,0.6479999999999999,0.09389804100865554,1.9795436924135914,0.012474676082656375
32,1200,33,0.6598333333333334,0.08448831193603748,1.9765812064883221,0.00987936092987167,0.6495,0.09069758889617159,1.978424514744022,0.012760906742654772
33,1200,34,0.6690833333333334,0.08169615471921816,1.9756302040142586,0.009946999903016188,0.6655,0.09190813491284594,1.9775000874822908,0.013085838104674587
34,1200,35,0.6796249999999999,0.08158359317558028,1.9747424332441486,0.010065152324206501,0.6705,0.09383496150156402,1.9767592498178903,0.013180411507066362
35,1200,36,0.6873750000000001,0.08031338245015456,1.9739093276424922,0.01003459731946344,0.6799999999999999,0.098461854756577,1.9760606158502454,0.013123400488194291
36,1200,37,0.68925,0.07612552153673412,1.9731066051113573,0.009984044317818349,0.6784999999999999,0.09166730462297941,1.9752955617781605,0.013017174457365875
37,1200,38,0.6891666666666667,0.07138152168052248,1.972317216122672,0.009962653925839126,0.6774999999999999,0.0835952025820671,1.9745490398104615,0.012868821396446026
38,1200,39,0.68825,0.0726155562248748,1.9716029731956213,0.00990731766026077,0.6809999999999999,0.08162172053539364,1.9738224916867761,0.012764078343554638
39,1200,40,0.68875,0.0732537945846673,1.9709428749564821,0.009827817770710248,0.6795,0.08647938604387939,1.972963064266105,0.012758717662552021
40,1200,41,0.6897916666666666,0.07290338224852708,1.970236464164083,0.009765118971965242,0.6749999999999998,0.09,1.972039166183715,0.012786731278243384
41,1200,42,0.6922083333333333,0.07140930687373415,1.9695488922951192,0.009726207344350058,0.6809999999999998,0.09216118603038004,1.971205371596398,0.012751284695950446
42,1200,43,0.6950000000000001,0.06675049554101271,1.968933138527613,0.009667843835222822,0.6864999999999999,0.08412240455056202,1.970533736627217,0.012689368746790235
43,1200,44,0.6978333333333333,0.06207451662345095,1.968372917674321,0.009595864288163829,0.6890000000000002,0.07683886078226164,1.9699417186606252,0.012668416238063472
44,1200,45,0.6975416666666667,0.06167880096357336,1.9677939362494499,0.009536458502721761,0.6865000000000002,0.07583048963243438,1.9693719061848463,0.012649645055356071
45,1200,46,0.6961666666666667,0.06643457406786729,1.9672130617470471,0.00948214957034508,0.6909999999999998,0.07552622409677179,1.9688351721908668,0.012585300892442886
46,1200,47,0.69625,0.07055621747628908,1.9666867270405972,0.00937470325437959,0.6890000000000001,0.07397723689721973,1.9683022796327616,0.012530966107769007
47,1200,48,0.6996666666666667,0.07302987452474102,1.9661993111816354,0.009259342662911951,0.693,0.08059646067715512,1.9677100153745262,0.012507108813958362
48,1200,49,0.7030833333333334,0.07786069619323926,1.965695325254479,0.00920724907908212,0.6914999999999999,0.07942391261287021,1.967093691995514,0.012431686244499649
49,1200,50,0.706125,0.0806535235595637,1.9651758107014559,0.009189210592949583,0.6990000000000001,0.08422401207806664,1.9664872101022648,0.01225977994073271
50,1200,51,0.7095833333333333,0.08350661807999349,1.9646884081664904,0.009132713810689553,0.7,0.09130630923032185,1.9658481637214726,0.012073732124047783
51,1200,52,0.7105833333333333,0.0834718585487986,1.964251241077978,0.00903358680466886,0.7015,0.09516052919036062,1.9652050064027708,0.011978064676789009
52,1200,53,0.7102083333333333,0.08213430156854107,1.963839442574931,0.008952185020414257,0.7049999999999998,0.09891516833284866,1.964693482338521,0.011949187897194862
53,1200,54,0.7086666666666667,0.0824689379766355,1.9634490297229383,0.008870452724282782,0.704,0.10292562465453549,1.9643716097699837,0.011946379334374138
54,1200,55,0.7082916666666667,0.08508787811976495,1.963080173317024,0.008785582920836095,0.7015,0.10469378908838964,1.9641046803898496,0.011920734765909758
55,1200,56,0.7066250000000001,0.08844972264327637,1.9627190711201525,0.008709393251885075,0.6984999999999999,0.11094213759765419,1.963820927397315,0.01188149750994549
56,1200,57,0.7057916666666666,0.09211234360838531,1.962371187564073,0.008634794041341681,0.6999999999999998,0.11281097371033404,1.9635315199667445,0.011882167386262747
57,1200,58,0.7067916666666667,0.09494083838052864,1.9620461762917212,0.008559851549723893,0.7005,0.11491301057756684,1.9632782652731229,0.01194202579170767
58,1200,59,0.7082083333333333,0.0961272286032806,1.9617422330520078,0.008498081166153871,0.7010000000000001,0.11683997153101511,1.9630510447934229,0.012004531994199106
59,1200,60,0.7102083333333333,0.09504918509760775,1.961457010522255,0.008453841899749112,0.6925000000000001,0.11111279238494076,1.962823478514898,0.012016714712321122
60,1200,61,0.7093333333333334,0.09421598615300708,1.96119229819672,0.008406485553768168,0.6914999999999998,0.11051434772296116,1.9626089577862864,0.01198112103669558
61,1200,62,0.7120833333333334,0.09373445290190109,1.9609333773199755,0.008350691983464133,0.6944999999999999,0.10811665240061676,1.9624006648770294,0.011913163718539592
62,1200,63,0.7155833333333333,0.09171733049675121,1.9606673220888566,0.008294336436236088,0.6964999999999999,0.10926910287041468,1.9622057299724656,0.011836613006671215
63,1200,64,0.7204583333333333,0.08990755282819989,1.9603938791539188,0.008229301370570822,0.698,0.10885045269833096,1.962034635636226,0.011768849883442982
64,1200,65,0.7243333333333333,0.08883283137345427,1.9601280080723296,0.00815250691273214,0.703,0.10814707334775274,1.9618474373587997,0.011695275276098892
65,1200,66,0.7248333333333333,0.08757060643338674,1.9598645011397786,0.008067915291921883,0.7049999999999998,0.10884561737181997,1.9616133919675804,0.01159659197127579
66,1200,67,0.7237916666666667,0.08858185620395415,1.9595986861933745,0.0079763656590552,0.7035,0.10791200118615164,1.9613344680407514,0.01148601595320358
67,1200,68,0.72575,0.08939608132756797,1.9593330232223405,0.007889641563956832,0.7035000000000001,0.1078632174757017,1.961062639463604,0.011382909270519844
68,1200,69,0.7274583333333333,0.09086832377722102,1.9590807600329456,0.007823973427392932,0.7060000000000001,0.10545141061171256,1.9608348182842399,0.011276899759810975
69,1200,70,0.7285416666666666,0.09150219495338104,1.958858770866346,0.007768737799930571,0.7084999999999999,0.10688286751589822,1.960685398190123,0.01120219130334969
70,1200,71,0.7286666666666666,0.09138489388520048,1.9586649614053333,0.007726119237236288,0.7095,0.10937501879699084,1.9605884045536892,0.011182417389395459
71,1200,72,0.7280833333333334,0.09094496600749961,1.958489182250806,0.0077029402264467625,0.711,0.11025807047678261,1.9604718757609423,0.011178195551469094
72,1200,73,0.7275416666666666,0.09177245689764024,1.9583241364782347,0.007688143897234576,0.711,0.10823463790351621,1.9603027490827347,0.01114960998136546
73,1200,74,0.7259166666666667,0.09178019285864238,1.958158200871604,0.0076681470221033506,0.71,0.10944837764179532,1.9600995052206607,0.011102125959182906
74,1200,75,0.7266666666666667,0.09207723048761297,1.9579838587981908,0.007640554923295429,0.712,0.10787907460134288,1.959901675761179,0.011056400342521368
75,1200,76,0.7276666666666667,0.09227295511477906,1.9578120311376757,0.007611521694002849,0.71,0.10632621105773844,1.9597040317597472,0.010995180046039098
76,1200,77,0.7285833333333334,0.0926372460553807,1.9576500292610948,0.007583572202198744,0.714,0.10555118488950727,1.9595372647797196,0.010961709505573429
77,1200,78,0.7295416666666666,0.09133731703119015,1.95749272952973,0.007556495606656695,0.712,0.10440810615837709,1.9593599673646296,0.01095887173191088
78,1200,79,0.731125,0.09142043284154627,1.957338593129656,0.00753085248238349,0.715,0.10420122233852205,1.959240843408414,0.01101640422518353
79,1200,80,0.7318333333333333,0.08980347288768994,1.9571909054728187,0.007509505326886924,0.7154999999999998,0.10450258118192204,1.9590679658921317,0.011027262214334192
80,1200,81,0.733,0.09059557648987154,1.957054522267589,0.007499844623604802,0.7210000000000001,0.10527657809188541,1.9590019486600319,0.011101909751212663
81,1200,82,0.7336666666666667,0.08967265029275269,1.95691577029991,0.007481039836094469,0.7195,0.10540523306693432,1.958810146764844,0.011048674862740129
82,1200,83,0.7358333333333333,0.08995897375506416,1.956757456982104,0.007412568345516515,0.7230000000000001,0.1033186180806986,1.9586977479452155,0.011005976456385201
83,1200,84,0.7367916666666667,0.08873018887689044,1.9566329054167455,0.00734657585464263,0.7235,0.10090511436623595,1.9585408102189121,0.011032567904928164
84,1200,85,0.737375,0.08708287165159244,1.9564932200973377,0.00733456753654675,0.7224999999999999,0.10140460905127587,1.9582951817582859,0.011033303456589039
85,1200,86,0.7384999999999999,0.08769239499723382,1.9562542172854793,0.007322413086718171,0.7274999999999999,0.10156019734231778,1.9581282279201893,0.011034748307176436
86,1200,87,0.7404166666666667,0.08765274887854295,1.9560706757812383,0.007267494799514097,0.7335,0.1010614716528093,1.9580260202275486,0.011013099131717437
87,1200,88,0.7411666666666668,0.08723724122936226,1.9559793176675064,0.007227775355399472,0.7365,0.10373422517994826,1.9578357119912326,0.011000859752034454
88,1200,89,0.7415416666666667,0.08802008135773463,1.9557910944532058,0.00720916856307755,0.739,0.10182027509809939,1.9576191735140287,0.011055398428891756
89,1200,90,0.7419583333333334,0.08829744181455174,1.9555835109665647,0.007166781226904662,0.739,0.10202682825713308,1.957520029693864,0.011039014198149424
90,1200,91,0.7421249999999999,0.08692163700444307,1.9554807981942184,0.007117070323285652,0.7369999999999999,0.10765930668451043,1.957407100491024,0.010974164643081617
91,1200,92,0.743875,0.08678057418314052,1.9553238462888456,0.007078890878107041,0.7394999999999999,0.105953068061189,1.9572496014125584,0.010969148265362426
92,1200,93,0.74475,0.08642176091838165,1.9551328165386814,0.007022638404897286,0.7390000000000001,0.10487586647280225,1.9571584508992088,0.010893357765666323
93,1200,94,0.7458333333333333,0.08495311744569879,1.9550276832881717,0.006953564236010785,0.7379999999999999,0.10486080999918039,1.9570344481621629,0.01077059412929446
94,1200,95,0.7464999999999999,0.08540563685739685,1.9548866054300285,0.006889459441248721,0.7430000000000001,0.101830612706644,1.9568391254006616,0.010717840665566445
95,1200,96,0.7491666666666666,0.0850614672832198,1.9547093797896014,0.006819689599087389,0.7459999999999999,0.10277210352599529,1.956692957806175,0.01062765584567325
96,1200,97,0.7517916666666666,0.08513932295282539,1.9545976216984815,0.006754049088377625,0.7465,0.09990916927521296,1.9565272365724187,0.010520424239720771
97,1200,98,0.7531666666666667,0.08609952761177474,1.9544679539954597,0.006709281994344625,0.7475000000000002,0.1031031675453996,1.9563243626375268,0.010524601001860883
98,1200,99,0.7547916666666666,0.08731365914391295,1.9543146964037177,0.006678234517475294,0.748,0.10344589228953922,1.9561821558497479,0.010532142006946786
99,1200,100,0.756,0.08856622724372498,1.9542159047423897,0.006655185972832958,0.7460000000000001,0.10184611715204153,1.9560603200355904,0.010550892424278086
100,1200,101,0.7568333333333334,0.08966987863548675,1.9541075330840676,0.006637935424628277,0.7500000000000001,0.10177374286544692,1.9559082769254186,0.010658993381542097
101,1200,102,0.756625,0.0905144793915988,1.9539711077462463,0.006619957203903437,0.7474999999999999,0.10452272480183436,1.9558316665164697,0.010742626897890123
102,1200,103,0.7580833333333333,0.09105461538250624,1.9538707884324211,0.006602316756323367,0.75,0.1055312375804584,1.9557401522485758,0.010761749304927367
103,1200,104,0.7577499999999999,0.09020367629079354,1.9537685437992791,0.006588623998972741,0.7485,0.10220078277586722,1.9556245783891,0.010842733906128905
104,1200,105,0.7579166666666667,0.09015844564785615,1.9536405220118653,0.006580838226025497,0.7495,0.10127996632576142,1.9555417511330286,0.010875031486191629
105,1200,106,0.7585833333333334,0.08982239623555516,1.9535344938815218,0.006579117944210999,0.7500000000000001,0.10042016991777991,1.95547334861489,0.010857986144493535
106,1200,107,0.758875,0.08995095926725527,1.9534353660472619,0.00658426961478586,0.7459999999999998,0.09954633938126771,1.9554103642338958,0.010927001509701977
107,1200,108,0.7586666666666667,0.08963147421297187,1.9533202693969751,0.006600662658435869,0.7459999999999999,0.09853666162505471,1.955341058908349,0.010963386315278028
108,1200,109,0.7585833333333334,0.09007919679874168,1.95322254018511,0.006627941228397624,0.7469999999999999,0.09868077186991447,1.955284094999363,0.010975372674947439
109,1200,110,0.7587916666666666,0.08945680579105864,1.9531377384991877,0.006659490905031604,0.7464999999999999,0.09723953062304175,1.9551995655637118,0.011032940321030117
110,1200,111,0.758875,0.08895029289026067,1.9530409598058873,0.006693625822995665,0.7444999999999999,0.09561298084079986,1.9551056231762782,0.011038146298700072
111,1200,112,0.75925,0.0888481768975126,1.9529511582106385,0.006727241153894423,0.7459999999999998,0.09681235240891202,1.9550729672803897,0.011032887833491645
112,1200,113,0.7591249999999999,0.08806873437085495,1.9528764273434536,0.006751226666976965,0.7460000000000001,0.09604823349700264,1.9550013749355943,0.011030928877883754
113,1200,114,0.759375,0.08634677594661115,1.9527995396120688,0.00676468150807907,0.7454999999999999,0.09561298084079986,1.9549888869935192,0.011034338593912356
114,1200,115,0.7597916666666666,0.08615481229325817,1.952726936447688,0.006772749389293422,0.7469999999999999,0.09685040010242603,1.954976153757507,0.011022454586726562
115,1200,116,0.759375,0.08575638477244575,1.9526665725727068,0.0067775456396792205,0.7439999999999999,0.09810842551939532,1.9549222522712513,0.0110202234744835
116,1200,117,0.7598333333333334,0.08500197796116239,1.95260207088539,0.006782206607050567,0.7434999999999999,0.09756374434453773,1.9548848802445544,0.011022833922833533
117,1200,118,0.7607916666666666,0.08443503116778069,1.9525285383948543,0.006789726419685651,0.7419999999999999,0.09817278001993278,1.9547793841411771,0.010991679779817798
118,1200,119,0.7610416666666666,0.08338457854181724,1.952457438907972,0.006797848083539464,0.7424999999999999,0.09957145014616654,1.9547282507966297,0.010999862078926836
119,1200,120,0.7621249999999999,0.08229860896765932,1.9523873472241005,0.006806492679267286,0.7449999999999999,0.09735988582789656,1.9546545732232476,0.010970817647714013
120,1200,121,0.7616666666666667,0.08084712307770463,1.9523129899061096,0.006819283404884868,0.7434999999999998,0.09713121889593751,1.9545770642655076,0.010955731489694257
121,1200,122,0.7630833333333333,0.08106613248612092,1.9522423850115806,0.0068340691846767165,0.7434999999999999,0.09922197337283711,1.9545500494353856,0.010947201048071141
122,1200,123,0.7619166666666667,0.07768869689813952,1.9521860419798294,0.00684476856790712,0.741,0.09759745466913948,1.954505591371524,0.010878598175429783
123,1200,124,0.7642916666666666,0.07831806262126598,1.952146746861014,0.006853377157792167,0.7419999999999999,0.09720298890791156,1.9544840433950985,0.010837601827284413
124,1200,125,0.762875,0.07558856536176813,1.952113088906438,0.006860975497685762,0.74,0.09651833749958717,1.9544048214510243,0.010835348484127916
125,1200,126,0.7649583333333333,0.0755251957300243,1.9520282098790331,0.006852284459940241,0.744,0.09511212220045186,1.95429347648408,0.010832559957485234
126,1200,127,0.7654166666666666,0.07457212255252162,1.9519199200496324,0.00684041944869744,0.7445,0.09389103426733286,1.9542974761124587,0.01081910121170892
127,1200,128,0.765,0.07152270322088917,1.9518691002277766,0.006848951520956876,0.7464999999999999,0.09091783450775186,1.9542255111359677,0.010788534397823193
128,1200,129,0.7671666666666667,0.07144416705265695,1.9518294306071113,0.006882813024130962,0.7494999999999999,0.09063954057578555,1.9541848670143813,0.010793959968856438
129,1200,130,0.7679166666666667,0.0699386217959251,1.9517320166571355,0.006909371398660551,0.7484999999999999,0.09263823241655228,1.9541152667791735,0.010821651126604617
130,1200,131,0.7684583333333334,0.06709526427628178,1.9516597065036312,0.0069099425210085936,0.7500000000000001,0.09095979447275768,1.9540879734267413,0.010805361337284386
131,1200,132,0.7695000000000001,0.06854822863592322,1.951645188082231,0.006905585230135418,0.75,0.09119095061289913,1.9540922753712617,0.010799880076147425
132,1200,133,0.7697499999999999,0.06675274048736202,1.9515870133974285,0.0069248532569006266,0.752,0.09029775307573451,1.9539778033136663,0.010843848378873519
133,1200,134,0.7693333333333333,0.06670810115895912,1.951498145059825,0.006952482658566589,0.7535,0.08892782407512762,1.9539698931112977,0.010846580977262243
134,1200,135,0.7713333333333333,0.06647857237332436,1.9514700773468179,0.006959938839917354,0.7535,0.08845308003919965,1.953983538225564,0.010840148773856719
135,1200,136,0.7699166666666667,0.06643649960324642,1.95145503885028,0.006961706312108598,0.7539999999999999,0.0877436457438432,1.953952030666351,0.010882194119786092
136,1200,137,0.7724166666666668,0.06518187555283135,1.95141772162915,0.006985451680593948,0.7525,0.08753194905440619,1.9539108259429896,0.010898214707332985
137,1200,138,0.7721666666666667,0.06679176858623521,1.951386497774624,0.007008064623910542,0.753,0.08718401591793619,1.9538788673301402,0.010908404125320913
138,1200,139,0.772625,0.06514899421609227,1.9513165819715226,0.006994275228879319,0.753,0.08688164968870919,1.9537452890402718,0.010962933211451318
139,1200,140,0.7729583333333333,0.06485615831923613,1.9512182110932763,0.006978235840457417,0.754,0.08616996668152274,1.9537359438991633,0.010965429873883645
140,1200,141,0.7721666666666667,0.06543511584741722,1.9512008769413618,0.006986929121652062,0.7555000000000001,0.08654022490331183,1.9537547491209204,0.010958316877506714
141,1200,142,0.7729166666666667,0.06336766151844166,1.9511876101977752,0.007000425561958442,0.7545,0.08482024336330642,1.9536208506215647,0.010982264751123304
142,1200,143,0.7729166666666667,0.06321000226202271,1.9510992464225105,0.006992681036874954,0.756,0.08708132919711803,1.953619116643134,0.010995336042643116
143,1200,144,0.772875,0.06418259941176781,1.9510582629157067,0.0069860944798641085,0.755,0.08568608558662193,1.9536287163209134,0.010960330767520166
144,1200,145,0.7730416666666666,0.0622813573291417,1.9510572012928384,0.006987472947117981,0.7545,0.08586862670749765,1.9535727473715732,0.010977961333376734
145,1200,146,0.7735416666666667,0.06255165993655734,1.9509908707545065,0.0069857628525816905,0.7545000000000001,0.08629661211865676,1.9535407938659646,0.010965986374943986
146,1200,147,0.7733749999999999,0.06253564772865236,1.9509383829111475,0.006982591035802225,0.7535000000000001,0.086101225616315,1.9535580196480453,0.01093486860034785
147,1200,148,0.7735000000000001,0.06155905736656182,1.95093341833453,0.006976554605676255,0.7535000000000001,0.08785604253849769,1.953530516036801,0.010931001658932274
148,1200,149,0.7737083333333333,0.062480684149686314,1.9508879376624015,0.006967168359738723,0.7545000000000001,0.08654022490331183,1.9534963799257254,0.010911788980038374
149,1200,150,0.774,0.06246496093834719,1.9508394584756448,0.006960079308074017,0.7530000000000002,0.08700272228045815,1.9535209850978426,0.010878685528704479
150,1200,151,0.7727916666666667,0.06187628845607515,1.9508319097425293,0.00695037054785002,0.756,0.08561849283764272,1.953494263688939,0.010851365744671052
151,1200,152,0.77475,0.061146514200160325,1.9508114087627768,0.006928601935850456,0.7560000000000001,0.08726245952358475,1.9534894366071225,0.010794793061592632
152,1200,153,0.7724166666666668,0.06161205500255147,1.9507987596614207,0.006897038998558363,0.7540000000000001,0.0856799429947228,1.9535237305343949,0.010775185525478367
153,1200,154,0.7745,0.060291324912039534,1.9508131726826619,0.006874711646872089,0.7555000000000002,0.08690436364793562,1.953454400358724,0.01077272949848619
154,1200,155,0.7747083333333333,0.06031852282596478,1.950787896447428,0.006882521381919496,0.7560000000000001,0.086474821403933,1.9534023235377984,0.010905261130223215
155,1200,156,0.77425,0.06109436905169381,1.9507158274196725,0.00691967380225055,0.7550000000000001,0.0847597223114599,1.953328199240394,0.010857327798188347
156,1200,157,0.7750833333333333,0.05913972700259549,1.9506748229653599,0.0069214862556379935,0.7565000000000002,0.08474574977698386,1.9533130296382353,0.010796734170968218
157,1200,158,0.7731666666666667,0.06156202596516516,1.9506285491745399,0.0068736517428613165,0.7555000000000002,0.08363297007885423,1.953253108321992,0.0107379094230019
158,1200,159,0.775125,0.06001965747674449,1.9505658671978297,0.006849268520001923,0.7570000000000002,0.08310424651889749,1.9531763596935021,0.010759985259176838
159,1200,160,0.77525,0.05981825544272022,1.950521792668826,0.006861978774564352,0.7560000000000001,0.081331032466736,1.9531904533935982,0.010836907408293444
160,1200,161,0.7747499999999999,0.06122357408214431,1.9504986508786275,0.006866954268320869,0.7560000000000001,0.08210391361913845,1.953094590129023,0.010722366853996523
161,1200,162,0.7760416666666667,0.05969395325789329,1.950464701660831,0.006832905029967402,0.7565000000000002,0.08093369605976698,1.9530932227219509,0.01070557233952116
162,1200,163,0.7757083333333333,0.06007808941274163,1.9504081555075996,0.006807007613881785,0.7550000000000001,0.08153139530912393,1.953007980229642,0.010718647243991894
163,1200,164,0.7764166666666666,0.06063871777641122,1.9503622584424058,0.0068109475617071005,0.7565000000000001,0.0813876364592378,1.952988163823192,0.010706694737438094
164,1200,165,0.7768333333333334,0.059314184767388346,1.950341505296605,0.006807319810410684,0.756,0.08235992893839116,1.95296789655678,0.010689898830192855
165,1200,166,0.7757916666666667,0.0591487340009753,1.95031528160206,0.006784241536360666,0.7540000000000001,0.08081167190319401,1.952944486221817,0.010660302449932544
166,1200,167,0.7769166666666667,0.05835156356739925,1.9502746072918562,0.006778680857257165,0.7565000000000001,0.08215998513811172,1.952845695654588,0.01063457873189602
167,1200,168,0.7767083333333333,0.058116435733268954,1.9502472345317472,0.006792047514473322,0.7550000000000001,0.08146681597597367,1.9529789375859754,0.010701948627411027
168,1200,169,0.77575,0.05767479153796194,1.9502411363433119,0.0067950272720691245,0.756,0.0818470974953972,1.9527738360740134,0.010588284834221232
169,1200,170,0.7765416666666667,0.05804268128607771,1.9502251688822512,0.006786879975074357,0.7550000000000001,0.08198202627148798,1.9529468864219215,0.010659712951378497
170,1200,171,0.7764166666666666,0.05702742491979149,1.9501823519076749,0.006779173678702479,0.754,0.08223202091130861,1.9527225698888586,0.010616424389851196
171,1200,172,0.7762916666666666,0.05799051835686802,1.950125812308078,0.006748372018725615,0.7545000000000002,0.08210872124971354,1.9527392748687895,0.010599035302578252
172,1200,173,0.7768333333333334,0.05757248164943784,1.950083319088422,0.006709382294567387,0.7545000000000002,0.08217279611314582,1.952746780728497,0.01061528356639737
173,1200,174,0.77525,0.05612427469933413,1.9500538836740293,0.00669569009563055,0.7540000000000001,0.08242380851748064,1.952628598920219,0.010600080355174317
174,1200,175,0.7757916666666667,0.05680483349317324,1.9500288508304475,0.006708435845941085,0.7545000000000002,0.08223682105262888,1.9527235218809313,0.0106270817823356
175,1200,176,0.7755833333333333,0.05545406665675592,1.9500034301635545,0.006707265314421112,0.756,0.08248763862734701,1.952616427473032,0.010641993259666745
176,1200,177,0.7750833333333333,0.055762851559394686,1.9499666021175073,0.006678072550542378,0.7540000000000001,0.08293307384175573,1.9525725419670725,0.010616231890058676
177,1200,178,0.7755,0.055503674605712726,1.9499255233013133,0.006660615585812395,0.7530000000000002,0.08246849478181925,1.9526045344860261,0.010658447908391008
178,1200,179,0.7745833333333334,0.05431625767625396,1.949894460426679,0.006669046374502077,0.7525000000000001,0.08110259908873063,1.9525000101080885,0.010658839690882344
179,1200,180,0.7745833333333334,0.05515428917169625,1.9498742398358495,0.006679266827854853,0.7515000000000001,0.08099870044441584,1.9525614782225773,0.010706688140352057
180,1200,181,0.7745,0.05282266481472376,1.9498564707248651,0.006688031439016703,0.753,0.07980898247823066,1.9525024452540194,0.010723770327961023
181,1200,182,0.7742083333333334,0.053858757100162157,1.9498403386851995,0.006720261680302859,0.7490000000000001,0.07779189512647461,1.9524781147569796,0.010789877935028442
182,1200,183,0.7740416666666666,0.05366963255943092,1.94981510800636,0.0067482752417371535,0.7505,0.07970174666249562,1.9524346334752483,0.01072656499855005
183,1200,184,0.7745833333333334,0.05330145703109275,1.9497499163937149,0.006696380555855732,0.7525000000000002,0.0779254029251863,1.952325274135483,0.010716962267645394
184,1200,185,0.7743333333333333,0.05358943445661763,1.9496656676385598,0.006608306913423735,0.7505,0.07528716952268058,1.9522980185567271,0.010716181958039417
185,1200,186,0.7745833333333334,0.05293263676681638,1.9496267667953386,0.006599133859335104,0.7525000000000001,0.07738318870876829,1.9522884165839713,0.010757450315644722
186,1200,187,0.7745416666666667,0.053290467285517125,1.9496224682911723,0.0066466246625097045,0.75,0.07581140033697195,1.9522521486568007,0.010779284290273578
187,1200,188,0.7754583333333332,0.053391193258288054,1.9495893128385053,0.006632633790914992,0.752,0.07783924054370683,1.9521786891011637,0.010721047957406523
188,1200,189,0.7756666666666667,0.05358056730739661,1.9495266626685777,0.006555225475220826,0.7529999999999999,0.07767001724570022,1.9521841474165273,0.010715467338788733
189,1200,190,0.7759583333333333,0.053247789812188834,1.9494907382429314,0.006536206863288157,0.7539999999999999,0.07856609687993525,1.952108361364203,0.010788162653000092
190,1200,191,0.7757083333333333,0.054080075862217115,1.949473030202308,0.006589515793733883,0.7539999999999999,0.08235992893839118,1.9521502108429054,0.010786046888400711
191,1200,192,0.7769166666666667,0.05370967819828883,1.9494275615396983,0.006609856442420203,0.7549999999999999,0.07983535689483899,1.9520393886823673,0.010773435151881968
192,1200,193,0.7757916666666667,0.0546396187632792,1.9493803149856643,0.006575117009181242,0.7529999999999999,0.07967697943968245,1.9521507497650514,0.010770575982533271
193,1200,194,0.7761666666666667,0.05394346726730416,1.9493881855592812,0.00657461623624869,0.7545,0.0783027189149501,1.9520653053301484,0.01076705291172844
194,1200,195,0.7747499999999999,0.05363817757500018,1.9494081410033701,0.006612487775309622,0.7484999999999999,0.07652141083245574,1.9521540648193145,0.010802734631772445
195,1200,196,0.7757083333333333,0.05383893770729777,1.9493648810335018,0.006609305880535644,0.7515,0.07720614919605957,1.9519479272539928,0.010788519637068757
196,1200,197,0.7752083333333333,0.053030854833082626,1.9492567984137903,0.006550187008390082,0.7515000000000001,0.07617673356637253,1.9519646146825003,0.010804985068693197
197,1200,198,0.7749166666666667,0.05321663493606232,1.9492139340611137,0.006528556137582798,0.752,0.07515597815630891,1.9520016083990714,0.010810936495920548
198,1200,199,0.7747916666666667,0.05366731706590737,1.9492380994685885,0.006543108732392789,0.751,0.0785325946410319,1.9519428287969363,0.010860056976273815
199,1200,200,0.7744583333333332,0.05276650195029208,1.949226066633156,0.006548241362093551,0.7515000000000001,0.07350438583405827,1.9519258387957787,0.010805145672826054
200,1200,201,0.775125,0.05347382468928684,1.949176652683883,0.006544416090951788,0.749,0.07979579200091087,1.9519388074820836,0.010995157437571961
201,1200,202,0.7733333333333333,0.053466801198588244,1.9491914437301798,0.006572883006050343,0.752,0.07661249039295438,1.951970588035597,0.0109311141280087
202,1200,203,0.775375,0.05281994891065284,1.9492463151326938,0.006633054041675675,0.7510000000000001,0.07765646345146987,1.951917468810145,0.011003606328821823
203,1200,204,0.7733333333333333,0.05276076980493511,1.949187368084793,0.006621341153197195,0.7515,0.07478213971967258,1.951857827900593,0.01091027068107088
204,1200,205,0.7749166666666667,0.052476602973602654,1.9490509798094582,0.006571851800243117,0.752,0.07640611714281852,1.9517510786648529,0.010758343264985194
205,1200,206,0.7726666666666666,0.05326997332906721,1.9490631547007435,0.006572342822292316,0.7484999999999999,0.077546251054655,1.9519758063033326,0.011017776662748469
206,1200,207,0.7749583333333334,0.05334256704606864,1.9491578467689767,0.006577488000430273,0.753,0.07519098490195694,1.9518929250613728,0.01078974496994514
207,1200,208,0.7698750000000001,0.05339311000406731,1.949140937769976,0.006551032686134303,0.7444999999999999,0.07816817228191239,1.9517916361186995,0.010749019758244513
208,1200,209,0.775625,0.05416624493762949,1.9490951383623067,0.006636021972864741,0.7520000000000001,0.07473461820264245,1.9520044542187858,0.011140228162480406
209,1200,210,0.7715,0.05412623322204319,1.9491485380037485,0.006827743076160941,0.7465,0.07869160324362845,1.9518002399995988,0.010661233521370717
210,1200,211,0.7724166666666668,0.05506502004674599,1.9491207473129024,0.0066882383940699034,0.7495,0.07742398649133567,1.9516805858084674,0.010720335269128313
211,1200,212,0.7767083333333333,0.053556601610103984,1.9489911142209373,0.006491961094366341,0.7525000000000001,0.07621817713850018,1.9517615923636034,0.010969412926108096
212,1200,213,0.7727083333333333,0.05271147535881461,1.9489134753273298,0.006668121204397857,0.748,0.07770389138802578,1.9514936257630136,0.01074275803536686
213,1200,214,0.7734583333333334,0.05520050838290346,1.9488536645412076,0.0067417442181665075,0.75,0.07663996483902062,1.9515352257885035,0.01080974877257953
214,1200,215,0.776,0.05321505525002449,1.9488309215047799,0.006581332088865986,0.7525,0.07475398246740332,1.9516537388945419,0.010825813459946213
215,1200,216,0.7737499999999999,0.05347876279585608,1.9488618394960842,0.006601204000027561,0.7515,0.07808733302493669,1.9514540455257865,0.010654387352564229
216,1200,217,0.7711666666666667,0.05530973392330381,1.9488225396849828,0.006652292100104755,0.7484999999999999,0.07596917657493522,1.9515608122653787,0.010729711037055611
217,1200,218,0.7780833333333333,0.05343473091385656,1.9488543834794023,0.006615724170724956,0.7569999999999999,0.07814291899765254,1.951770793885156,0.010669028220194124
218,1200,219,0.7700416666666666,0.05546288140234235,1.9490044671384357,0.006703171929487874,0.7479999999999999,0.07804182414442574,1.951431984771035,0.010679159438562116
219,1200,220,0.7722916666666666,0.05629124543715035,1.9488388906696428,0.006653509083798186,0.7505000000000001,0.07890533968990278,1.9512713712309302,0.01081592626179875
220,1200,221,0.7770416666666666,0.054232062412997446,1.948585935394447,0.006625501031907336,0.7555,0.08062094543048515,1.9514453574974564,0.010820115626044428
221,1200,222,0.7691666666666667,0.056476719832519784,1.9487134477612702,0.006637879929662593,0.7449999999999999,0.07930620205387802,1.9512642737492425,0.010703838349150289
222,1200,223,0.7725833333333333,0.05603028890567852,1.9487192154674513,0.006664265844668662,0.7495,0.08055563621693886,1.951179611398162,0.01089111936518421
223,1200,224,0.7750833333333333,0.05472078247875955,1.9484945932021542,0.006666012995712538,0.752,0.08563078639687581,1.951198232852601,0.010883615072250398
224,1200,225,0.7700416666666666,0.056451134874818704,1.9485741320480165,0.006669254155592559,0.7484999999999999,0.07988643254810644,1.9512062822724132,0.010935690175069365
225,1200,226,0.7732083333333334,0.05551215227053984,1.948613207579088,0.006697797467590518,0.7485000000000002,0.08292514062314531,1.9510032516588385,0.010895291245820544
226,1200,227,0.7752083333333333,0.055977409682271294,1.9484514246221896,0.0067344002356930005,0.7535000000000001,0.08171033562144032,1.9511193617611475,0.011060451546994593
227,1200,228,0.77175,0.05511610552024966,1.9484544593964284,0.006715638987988917,0.7484999999999998,0.08099870044441583,1.9509429558908713,0.010792402356721882
228,1200,229,0.7739583333333333,0.053882774944062725,1.9483837706602387,0.006714132752445764,0.7540000000000001,0.07755473449187525,1.9508313367883912,0.010923471776886372
229,1200,230,0.7751666666666667,0.052981708197346475,1.9482421829613756,0.006738065940353105,0.7525000000000001,0.08045103119943604,1.950988564148565,0.010970663691044713
230,1200,231,0.774875,0.05278243092753389,1.9482925724993059,0.006751140579119296,0.7525000000000001,0.0751752338837312,1.9507969064596669,0.010866286511784383
231,1200,232,0.7744583333333332,0.05165837157519747,1.9482634770921585,0.006793641568485887,0.7520000000000001,0.07904695473344676,1.950842205710665,0.011080829292116637
232,1200,233,0.7761666666666667,0.05236958181440065,1.9481679708942892,0.0068133966045237256,0.752,0.0787801738350055,1.9508385506714867,0.01088047051752157
233,1200,234,0.7747083333333333,0.051202124264914675,1.9481524922839728,0.006819984676994884,0.7550000000000001,0.07535879091666116,1.9507170112261414,0.010918414400746881
234,1200,235,0.7754583333333334,0.05241637380332654,1.9481102750031383,0.006844680815911983,0.7495,0.07877182237323194,1.9509196702625347,0.010943568150414707
235,1200,236,0.77575,0.05181423464918401,1.948138308608528,0.006831532575150319,0.7559999999999999,0.07748684098810449,1.9508547880690124,0.010856734489339409
236,1200,237,0.7746666666666667,0.05171644461169824,1.9482001144944163,0.006806019978635308,0.75,0.07766324064426117,1.9510342177535125,0.01084407207219523
237,1200,238,0.7745416666666667,0.05009017818187912,1.9482439979136899,0.006777170639808649,0.752,0.07695521595810058,1.9509792296034074,0.010788109317447513
238,1200,239,0.7774166666666666,0.052232960510990474,1.94828222827221,0.0067558959892932945,0.756,0.07639233910336961,1.9509489723419695,0.010793930149085994
239,1200,240,0.7747083333333333,0.05020227724267973,1.948171254950558,0.006829149250959453,0.7515000000000001,0.07706968821855492,1.9508172365154686,0.0108864627246584
240,1200,241,0.7781666666666667,0.05135844680750705,1.9480308021940438,0.006947802100580408,0.7555000000000001,0.07394699381811842,1.9508503315460644,0.010816550759529631
241,1200,242,0.7767083333333333,0.050453698158754785,1.9480926596574952,0.006858735063313572,0.7565000000000001,0.07693298519182988,1.9508934981671504,0.010846686957154027
242,1200,243,0.776375,0.04989262959901084,1.9480964157487357,0.006815505940403504,0.753,0.07476982222654721,1.9507073603247516,0.010855588640922042
243,1200,244,0.7795833333333333,0.052819274237669654,1.9479290943430718,0.006916443236413031,0.7550000000000001,0.07535879091666116,1.950714829582758,0.010912031589477468
244,1200,245,0.774875,0.04957883659397119,1.947912799904945,0.006939747012789159,0.749,0.07510694130091404,1.9508336782816087,0.010917943499539349
245,1200,246,0.7796666666666667,0.0533061882674267,1.9479911650638229,0.006875366339245027,0.7550000000000001,0.0770167445908253,1.9506804812859166,0.01086378279260766
246,1200,247,0.7756666666666667,0.0512829554576161,1.9479427826793452,0.006921340603877602,0.7505000000000001,0.07308790669641016,1.9507667610311976,0.011068674528209194
247,1200,248,0.7775416666666667,0.052081999982932885,1.9479008541173777,0.006979822869862967,0.756,0.07836486860563825,1.9506904359455182,0.010913213221175982
248,1200,249,0.7784166666666666,0.05146600819958742,1.947919792482086,0.006929822181779387,0.7530000000000001,0.07413359207325793,1.950652828424386,0.010910117469479
249,1200,250,0.7759583333333333,0.05139663091673074,1.9478583034761556,0.006948954485440439,0.752,0.07266360849833978,1.9506619725875438,0.010982979692743887
250,1200,251,0.7805,0.052866238577059264,1.9477901972538212,0.007012482426049203,0.7575000000000001,0.07886530822931756,1.9505579455354245,0.010870483502978584
251,1200,252,0.7770416666666666,0.05098766835776472,1.947824655455078,0.006983427163092748,0.752,0.07702357807157086,1.9507175858509498,0.01099568493662103
252,1200,253,0.7789166666666667,0.05027490218263666,1.9478218769212083,0.006975098820542042,0.7560000000000001,0.07700991050371032,1.9505603781872085,0.010893223019012967
253,1200,254,0.7799166666666666,0.05172103817088058,1.947748134384744,0.007027569414255582,0.757,0.07705773638540199,1.9505540284240266,0.01091171711257813
254,1200,255,0.7780833333333333,0.04780113837984779,1.947762938895454,0.007011965366126255,0.7525000000000002,0.07489466286936465,1.9506407964797876,0.010933473053452119
255,1200,256,0.7797916666666667,0.05102450033565171,1.947792822220443,0.006964815655773721,0.7575000000000001,0.07886530822931757,1.9505425102109704,0.010873315828224145
256,1200,257,0.7812083333333334,0.04943354198415702,1.9477289811757506,0.0069669133196047835,0.7580000000000001,0.07445238676319814,1.9504748936988325,0.010899025434080317
257,1200,258,0.7772916666666666,0.04918775566152155,1.947728439089215,0.006955264652607692,0.7480000000000001,0.0782438832315849,1.950669189479773,0.010931189288371909
258,1200,259,0.7817916666666667,0.05072160211441109,1.9477907833577777,0.006933667526212828,0.7595000000000001,0.07528716952268058,1.950461556154864,0.01086018571247374
259,1200,260,0.779625,0.04751921356561716,1.9477435424969947,0.006974191203108302,0.7540000000000001,0.07707822410758404,1.9504613290324346,0.010875216227241071
260,1200,261,0.7782916666666667,0.04936991516492421,1.947669878675849,0.007018266592067578,0.7545,0.07465534845295128,1.9505013828419417,0.010930552580201248
261,1200,262,0.782625,0.04952499147603919,1.9477108956470417,0.006987454416608235,0.757,0.07609550785551979,1.9504993950824225,0.010763545971983717
262,1200,263,0.7785416666666667,0.04903817211684591,1.947786840444715,0.006932725584177167,0.7510000000000001,0.07953152304523496,1.9505271356361369,0.01088274566315884
263,1200,264,0.7796666666666667,0.04909517549932928,1.9478198304450451,0.006911132030636353,0.7540000000000001,0.07206722008324115,1.9505504125638922,0.010804330707422538
264,1200,265,0.7810416666666666,0.048946410455632285,1.9477721877043312,0.006936727301187445,0.7575000000000001,0.0791982854678852,1.950317859814953,0.010875377624358407
265,1200,266,0.779125,0.048419822042905784,1.947653129533283,0.007009079170292873,0.7565000000000001,0.0738615347511103,1.9503006523484916,0.010863507766911548
266,1200,267,0.7805833333333333,0.048281202982149364,1.9476158298858788,0.007017401686714626,0.7545,0.07229144231220558,1.9504468819805474,0.010874187555520935
267,1200,268,0.78025,0.048722045516359926,1.947673317942959,0.006961687517430968,0.7605000000000001,0.07542685547148172,1.950239264724114,0.010785952852229266
268,1200,269,0.7802916666666666,0.04817220192197672,1.9476577926593728,0.006971813208659271,0.7585000000000001,0.07242237223399964,1.950297386554475,0.01094292377324921
269,1200,270,0.7806666666666666,0.04833151841722563,1.9475799251872086,0.007028976533086474,0.7570000000000001,0.07448772417406493,1.9502436263008458,0.010810128802787627
270,1200,271,0.7807083333333333,0.04861854370914109,1.947593759053008,0.007016724853881581,0.76,0.07398435111918142,1.950253541563756,0.010875413776582786
271,1200,272,0.7809583333333333,0.0482017833197557,1.9476300571220946,0.006983194582892675,0.7585000000000001,0.07220402379806529,1.9502035502970798,0.01082538803245779
272,1200,273,0.7811666666666667,0.048435614705811515,1.9475710026194133,0.0070143005411935294,0.7605000000000002,0.07250952750464847,1.950175052980489,0.010860614274815024
273,1200,274,0.7811666666666667,0.049040799340956925,1.9475105171402305,0.0070395965884528485,0.761,0.07482611421436404,1.9501178654327216,0.01078950499696655
274,1200,275,0.7809999999999999,0.04875616620172323,1.9475268576110174,0.007009098937277321,0.7565000000000002,0.07393275750017006,1.950152341319108,0.010841524406675004
275,1200,276,0.78025,0.048084735757467745,1.9475236533853573,0.0070087369753062834,0.7585000000000001,0.07205809060093551,1.9501296669313526,0.010801967411500437
276,1200,277,0.78175,0.049464160928638715,1.9474918063803774,0.007049898731239688,0.7615000000000001,0.07485248651075062,1.950071162962883,0.010800087357504725
277,1200,278,0.7786666666666667,0.04501737806098195,1.9475184537854837,0.0070702783070286665,0.757,0.07160564517587027,1.9502350125403143,0.010801620710044528
278,1200,279,0.7813749999999999,0.04887497102196236,1.947572661895012,0.007106282852038096,0.762,0.0771601205968881,1.950168253926077,0.010763373105344202
279,1200,280,0.7785416666666667,0.04512642652975117,1.9475963975734725,0.007189295884279419,0.7580000000000001,0.07395589012519914,1.9502131078777414,0.01080612794380957
280,1200,281,0.7809583333333333,0.04881660617056141,1.9475883684229003,0.007205093946941301,0.758,0.07309690755932732,1.95008398624508,0.01078928788095433
281,1200,282,0.78125,0.04903714727495368,1.9475202667236258,0.007097146788697805,0.7600000000000001,0.07691416952476449,1.9500322053758805,0.010837363295091875
282,1200,283,0.7815,0.04701592364320191,1.9474503395779155,0.007037722231911976,0.76,0.07100778311676753,1.9499782016026188,0.01082297124155624
283,1200,284,0.7804583333333334,0.04825877113259381,1.947474113432584,0.00708291749453839,0.7605000000000002,0.07728791013238474,1.9501453657812882,0.010825609557360321
284,1200,285,0.7809999999999999,0.047248565063764576,1.947536370349285,0.007153622808258998,0.7625,0.07411761634477718,1.9500585264977925,0.010814994115557081
285,1200,286,0.7809166666666667,0.04883653662926477,1.9475172210347824,0.007156803582446185,0.7605000000000002,0.07294374184043627,1.9499928225673873,0.010910301812286069
286,1200,287,0.7825416666666667,0.04979818554551693,1.9474631949395218,0.0071402054095805745,0.7615000000000001,0.07300144194682587,1.9500472682305994,0.010930081551423578
287,1200,288,0.7792916666666667,0.04613519020068955,1.9474877686909182,0.007183306268897701,0.7600000000000002,0.07426836118889528,1.9500554901681864,0.010883304972875861
288,1200,289,0.7819583333333333,0.048840559162424094,1.9475282597892356,0.007236140500766091,0.7645000000000002,0.07458481572573672,1.9500337563823524,0.010932167225074604
289,1200,290,0.7816666666666666,0.04860329928877654,1.9474814687874638,0.00719146995793605,0.7575000000000002,0.07397545823482699,1.9499489802195842,0.010800841364611104
290,1200,291,0.7816666666666666,0.047902648597860004,1.9473992393339887,0.007086843214011086,0.7630000000000001,0.0722641353864965,1.9498957291495749,0.010847087423556542
291,1200,292,0.7824583333333333,0.04811465579570514,1.947379353861844,0.007048228533593128,0.7630000000000001,0.07671546883057376,1.9499290455526954,0.010758309680938853
292,1200,293,0.7798333333333334,0.046630311653604484,1.9474009075294147,0.007084498891457592,0.7595000000000001,0.07323178774850513,1.9499375074687735,0.010815283899791583
293,1200,294,0.7826666666666666,0.0485548463020449,1.9474014471581853,0.007109259463764188,0.7610000000000001,0.07232237769729002,1.9498612524143961,0.010819202573088355
294,1200,295,0.7809166666666667,0.048113459351414686,1.947384285588138,0.007094106621057728,0.7595000000000002,0.07528716952268058,1.9498964710939872,0.01082541139799577
295,1200,296,0.7813333333333333,0.047291710139867195,1.9473792671953007,0.007074226181221204,0.7615000000000001,0.07256757286542626,1.9498812904726166,0.010740703059616722
296,1200,297,0.7820833333333332,0.04786715596192278,1.9473796472427078,0.007066651145798103,0.7625000000000001,0.0756637297521078,1.949833443955706,0.01080538569315566
297,1200,298,0.780625,0.0473785574355991,1.9473655370922998,0.0070557445168351355,0.7595000000000001,0.07366174469545876,1.949852031677641,0.010740983508297419
298,1200,299,0.7822916666666667,0.047023910646761605,1.9473504820111593,0.0070486294816885404,0.7605000000000001,0.07387578479412159,1.9498244478546696,0.010842597225111281
299,1200,300,0.7805833333333333,0.04719477186329083,1.9473507725859949,0.007053562913638862,0.7615000000000001,0.07774959806970065,1.9497993646948928,0.010727294499646193
300,1200,301,0.7817916666666667,0.046557889357266916,1.947356175033703,0.007049543908782434,0.7615000000000001,0.07393275750017003,1.949863299453817,0.01081221813821507
301,1200,302,0.780875,0.04697927485691823,1.9473510727560328,0.007021916115374718,0.7615000000000001,0.07548265747141769,1.9497492706807047,0.010680765327944673
302,1200,303,0.7816666666666666,0.04691973985759186,1.9473457712548456,0.006989848637449701,0.7600000000000001,0.0753937034925052,1.9498416214330772,0.010778628391352612
303,1200,304,0.7800833333333334,0.04636170720257011,1.947351909062664,0.006979501831519219,0.76,0.07455128930368747,1.9497730915458358,0.010671605450686862
304,1200,305,0.7815833333333333,0.04657329317781706,1.9473540979539437,0.006990859895120797,0.7595000000000002,0.07625959818796237,1.949766767852407,0.01076465799410228
305,1200,306,0.7800416666666667,0.0464896981294108,1.9473278897848136,0.0070080248309271915,0.7625,0.07340407273943893,1.9497234381407,0.010749328107209756
306,1200,307,0.7811250000000001,0.04593033992614244,1.9472899954343448,0.0070152209844075285,0.7595000000000001,0.07301585984889643,1.9496973642654598,0.010763570810598085
307,1200,308,0.779625,0.04695982091854434,1.9472772360110535,0.0070092916153540715,0.7600000000000001,0.07874007874011811,1.949719066043037,0.010763021634888782
308,1200,309,0.7802916666666666,0.045082182104184514,1.947295890254217,0.0069982432161165,0.76,0.07326950970650464,1.9497235480034765,0.010733755819759827
309,1200,310,0.7789166666666667,0.04680204361509984,1.9473179562128113,0.006989619310460026,0.757,0.0794785638097667,1.9497463563809425,0.010761940075354361
310,1200,311,0.7802083333333333,0.045577736273970965,1.947326922716084,0.006981331382109882,0.76,0.07391317808575709,1.949706014361907,0.010780572152548103
311,1200,312,0.7784166666666666,0.047191519086422815,1.9473366535991512,0.006967036861851365,0.7555000000000003,0.07830271891495011,1.9497838871180986,0.01076936032159062
312,1200,313,0.7805833333333333,0.0455971586526286,1.9473586514274317,0.006949578114391162,0.7600000000000001,0.07588079293762094,1.949710230909337,0.010773010532795196
313,1200,314,0.777625,0.04656573907451221,1.9473680298637532,0.006947255161703037,0.7585000000000002,0.07364745323784833,1.9497672059388225,0.010720262725303376
314,1200,315,0.7795833333333333,0.046127445496907525,1.947346425014819,0.006965944721355828,0.7575000000000001,0.07758696309371352,1.9496537672421383,0.010716718616470625
315,1200,316,0.7784583333333333,0.04694253906303121,1.9473162528288903,0.006983691377766452,0.7575000000000002,0.07404657140504282,1.9497253387263183,0.010695441531309899
316,1200,317,0.7783333333333333,0.046712853084294195,1.9473145795548095,0.006972248202707754,0.7570000000000001,0.08085724912982202,1.9496382001324797,0.010699337624554954
317,1200,318,0.7796666666666667,0.04578857463659973,1.9473384256247264,0.006940010056811623,0.7560000000000001,0.07415488769070488,1.9497741353687357,0.010732790854012726
318,1200,319,0.7770833333333333,0.047217535027096524,1.9473526910159784,0.0069250617290882305,0.757,0.07934601107607243,1.949600573527298,0.010747497676941815
319,1200,320,0.779625,0.0451803363466637,1.9473396286171258,0.006943020732489579,0.7575000000000003,0.0745424640548488,1.949730310340745,0.010786543105826413
320,1200,321,0.776625,0.04783964060745325,1.9473096903571645,0.0069787602271858765,0.7560000000000001,0.07632341159758742,1.9495635325968894,0.010739505293838823
321,1200,322,0.7775833333333333,0.04545891725387592,1.9472981845255855,0.007001351990577568,0.7585000000000002,0.07292930968085683,1.9496834644469287,0.010791331169030033
322,1200,323,0.7772083333333334,0.04748982270164755,1.9473073528348057,0.007003338809686418,0.7560000000000001,0.07199415180927439,1.9496192397136032,0.010742377771350283
323,1200,324,0.7761666666666667,0.04672490100865926,1.9473120776431745,0.0069947158129938245,0.7575000000000002,0.07482435573078004,1.9496079467274925,0.010818096523352142
324,1200,325,0.7785,0.04593378147618324,1.947294011439342,0.006979585250617089,0.7595000000000001,0.07119099588246287,1.949611214980695,0.010750715036705799
325,1200,326,0.7768333333333334,0.04658482798970505,1.947272057190288,0.006957627640847333,0.7565000000000002,0.07435866140750377,1.9495460183946893,0.01075978707389566
326,1200,327,0.7759583333333333,0.047178641310517105,1.947269968850075,0.006931774310990257,0.7595000000000001,0.0718532861937581,1.9496186047380477,0.010728677838838059
327,1200,328,0.7778333333333334,0.04587390548752484,1.947283558927272,0.006918023522956261,0.7570000000000002,0.07349185418520168,1.949553871843511,0.01074950538589063
328,1200,329,0.7746666666666667,0.047817422012831436,1.9472802106595757,0.006930111863312315,0.7560000000000001,0.07479093668704996,1.94956144591232,0.010794488741156577
329,1200,330,0.7785833333333334,0.045318963795878714,1.9472466816486995,0.006961867382484896,0.7590000000000001,0.0720306952113582,1.949482341337525,0.010790502860888288
330,1200,331,0.7754583333333334,0.04743915385747779,1.9472016018398732,0.006984803090291753,0.7570000000000001,0.0734918541852017,1.9494768727577743,0.010791623128527102
331,1200,332,0.77675,0.0463041211710891,1.9471757014202944,0.006979674604606371,0.7590000000000001,0.07151738838985428,1.949458926093461,0.01075588621052151
332,1200,333,0.7762916666666666,0.04714702259704298,1.9471755513665212,0.006956229744298346,0.7570000000000002,0.07406256245833476,1.9494833085097611,0.010760153806800437
333,1200,334,0.7747916666666667,0.047001364761820305,1.9471824798866262,0.006938581585849822,0.7545,0.07258207695248768,1.9494604930297101,0.010758657483656852
334,1200,335,0.7772083333333334,0.04688800501855332,1.9471755423349133,0.0069398594961331194,0.7575000000000002,0.07475398246740333,1.9494553208537777,0.01077447781076543
335,1200,336,0.7742916666666667,0.046176367813465395,1.9471554095726429,0.006952478533159614,0.7540000000000001,0.0729383301152419,1.9494307671553652,0.010763385541229036
336,1200,337,0.7760833333333333,0.046992985043247185,1.9471381833760504,0.006960969493257858,0.7560000000000002,0.0729383301152419,1.9494288416129337,0.01075533725897577
337,1200,338,0.774125,0.046354276315659776,1.9471368695521392,0.006959396065108137,0.7555000000000001,0.07074602462329597,1.9494506799749594,0.010757673750400147
338,1200,339,0.774875,0.04757056546679268,1.9471489046606743,0.006954649145075901,0.7560000000000001,0.07103742527339858,1.949452284255144,0.010723469091822712
339,1200,340,0.7742083333333334,0.04486861505505895,1.9471632553104228,0.0069550183690905345,0.7545000000000001,0.07074602462329596,1.9494882563556402,0.010788174355114753
340,1200,341,0.7747499999999999,0.046965755223808435,1.9471736757737284,0.0069608701509559084,0.754,0.06953984090925297,1.9494491888519807,0.01069131821231958
341,1200,342,0.7730416666666666,0.045198777185498355,1.947177386250766,0.006962915791049042,0.754,0.06746539073753607,1.9495033119346417,0.01085267940293836
342,1200,343,0.7754583333333334,0.047112900202567386,1.9471703156959204,0.006955453515782724,0.7520000000000001,0.07416908137208489,1.9493833719079041,0.010683474233061563
343,1200,344,0.7732916666666667,0.04683044178499471,1.9471450904262355,0.0069420301503826925,0.7535000000000001,0.06937882279652474,1.9494343094286868,0.010843555089634414
344,1200,345,0.775,0.04675117661214404,1.9470944748473802,0.006930614386969896,0.7540000000000001,0.07358489547526219,1.9493205468300647,0.01069744027576444
345,1200,346,0.7750416666666666,0.047799131210142766,1.9470476500538276,0.006928139866121545,0.7540000000000002,0.0713331693718398,1.9493337832959345,0.010702066113554372
346,1200,347,0.774125,0.04579182729885784,1.9470375127585142,0.006931404750095355,0.752,0.07120023654602933,1.9493976713734091,0.010766997275203725
347,1200,348,0.7750416666666666,0.04730490482463563,1.9470613698977755,0.006933994199638666,0.7515000000000001,0.07393275750017003,1.949336466295946,0.010649199521929057
348,1200,349,0.7739166666666667,0.04622527788763927,1.9470781934556858,0.006935332598370713,0.7505000000000001,0.0690899489986176,1.9493846386479334,0.010759550165794498
349,1200,350,0.775625,0.047378557435599114,1.9470574676388537,0.006937433963582874,0.7515000000000003,0.07292930968085681,1.9493098047274369,0.010672720834109561
350,1200,351,0.77525,0.047694737777829385,1.9470233109650628,0.006948984454815035,0.7545000000000001,0.06984757841562093,1.9493132392628916,0.010669320905832154
351,1200,352,0.7740416666666666,0.04685291390015859,1.9470209250923187,0.006980064872710895,0.7510000000000002,0.0696532766448817,1.9493679457911945,0.010784079655808465
352,1200,353,0.77575,0.0477841608003302,1.94705597015029,0.00703452832848243,0.7555000000000001,0.07451421623457254,1.9494301739764268,0.010639346115096936
353,1200,354,0.772875,0.04762370395467548,1.947101250314915,0.0071135912506586,0.7505000000000001,0.06778254704723426,1.9493624367427114,0.010767270878437474
354,1200,355,0.776,0.04729727437963724,1.9471174161024696,0.007146001287491426,0.7535000000000001,0.07393275750017005,1.9495710820277226,0.010493944594832594
355,1200,356,0.772875,0.04996232132949367,1.9471161057472723,0.00710944037809838,0.7520000000000001,0.06887058802374817,1.9492689891662505,0.010515384016111793
356,1200,357,0.7755833333333333,0.04634294044031918,1.9471032944646152,0.007030980006782488,0.7510000000000001,0.07433211390707746,1.949595800284774,0.010378766067314521
357,1200,358,0.7748333333333333,0.04845764413231209,1.947092206536175,0.007011651076905087,0.7565000000000002,0.07139770009564293,1.9492690595986146,0.010513317000465662
358,1200,359,0.7755,0.04638968553435785,1.9470387841772112,0.0070212081722790505,0.7525000000000002,0.07158910531638178,1.9493111815244248,0.010513399653306986
359,1200,360,0.7769999999999999,0.04736430293989828,1.9469818642471277,0.0070233081615498245,0.7570000000000001,0.0729888239462223,1.9493630994663078,0.01044638280987931
360,1200,361,0.774625,0.04802493489162716,1.946965893721853,0.006979816050928036,0.7565000000000001,0.07110222440816794,1.9491869331343188,0.01040079292892008
361,1200,362,0.7769583333333333,0.04667706259518287,1.9469843917231615,0.006944311406458401,0.7565000000000001,0.07336103942327399,1.9494652541040414,0.010251691060333358
362,1200,363,0.775625,0.047153534065367785,1.9469979789377028,0.006969860158032577,0.757,0.07094104297899326,1.9492247810474612,0.010383077526510662
363,1200,364,0.7772083333333334,0.047310931040367744,1.9469705090072122,0.006996806189385986,0.7580000000000001,0.07090393797986565,1.9492466633883319,0.010291914055540892
364,1200,365,0.7751666666666667,0.04585573615167131,1.946942775246336,0.006984368118291018,0.7550000000000001,0.07272876792721383,1.949348341477626,0.010251244842582562
365,1200,366,0.7769166666666667,0.046670660856638,1.9469565128304847,0.006970511936978912,0.7590000000000001,0.06904613255681039,1.9492123888274282,0.010229267403775
366,1200,367,0.7749583333333334,0.044865356560471525,1.946990753271751,0.007007312033572604,0.7525000000000001,0.0754547616299434,1.9493733326457998,0.010260491261754255
367,1200,368,0.7782916666666667,0.04564552830657091,1.9469960008370055,0.007058552159582625,0.7595000000000001,0.06468343967679097,1.9492321376781354,0.010277496489101732
368,1200,369,0.7754166666666666,0.044705419821353974,1.9469683439632555,0.007053319607595062,0.7540000000000001,0.07443824710173494,1.9491496119764693,0.010281010948059083
369,1200,370,0.7792916666666667,0.04678187142635539,1.9469294585657138,0.006984876369872867,0.7595,0.0695455170903806,1.9492179981394568,0.010024969003158865
370,1200,371,0.7779583333333333,0.04506693770680461,1.9468858493682535,0.0069262827940318565,0.7560000000000001,0.07308250564655641,1.9490669886406686,0.010060501386476817
371,1200,372,0.7774166666666666,0.04453865198305665,1.9468414677040862,0.006920347307499415,0.7580000000000001,0.07127411872482182,1.9491033021245443,0.009912898485176777
372,1200,373,0.778875,0.04504974102774252,1.9468160864748043,0.006940316253824399,0.7545000000000001,0.0678601503092942,1.949088446224673,0.01001756005564333
373,1200,374,0.7762916666666666,0.04498495118740637,1.946819001556547,0.006972207795695008,0.7575000000000002,0.07510518939250613,1.9490179585950815,0.009978634678099865
374,1200,375,0.7785,0.04446941915256013,1.9468320805896742,0.0070254927395500206,0.7580000000000001,0.06732482141786467,1.9491095442031365,0.010005834900155547
375,1200,376,0.7784166666666666,0.046094471386465205,1.9468339627454259,0.0070566336591477135,0.7585000000000002,0.07242237223399962,1.948955481643718,0.009900152159960231
376,1200,377,0.7777083333333333,0.04394214281535071,1.9467770188129325,0.006977189725734908,0.758,0.07015771706061918,1.9488897472368762,0.009793582630487276
377,1200,378,0.779125,0.0453893769613075,1.9466787557327627,0.006858496359284177,0.7590000000000001,0.07188441013914375,1.9488496814854261,0.00972795431556422
378,1200,379,0.779125,0.045484296981813686,1.9466176504068287,0.006824925999040397,0.7595,0.0728715524597544,1.9487978952895957,0.009657105549009075
379,1200,380,0.7780833333333332,0.044020446472092266,1.9466283677140055,0.0068719376435000135,0.7595000000000001,0.06901372861135752,1.9488793038091774,0.009775945041370984
380,1200,381,0.7802916666666666,0.0458307614908416,1.9466508959327378,0.006900267288134933,0.7595000000000002,0.07221860089886452,1.9488013702728881,0.00968853560244234
381,1200,382,0.780125,0.04480976276640265,1.9466043691203823,0.0068514642738030564,0.7630000000000001,0.0688323669275008,1.9486796057079387,0.009661488435455067
382,1200,383,0.7789166666666667,0.04381988987364084,1.9465277988788756,0.006784899411305319,0.7565000000000001,0.07028326146462803,1.9487770372857434,0.009642964632914237
383,1200,384,0.7804583333333334,0.045991731871987525,1.9465051526285415,0.006759273075417288,0.7625000000000001,0.07210190157358068,1.9486463289383038,0.00961839518549825
384,1200,385,0.779875,0.04358502730598156,1.9465253104391063,0.006764730652266886,0.7585,0.06745563844405252,1.9488454884233168,0.009673877394873676
385,1200,386,0.7793333333333333,0.04544741836735404,1.9465222880122925,0.006758485686219797,0.76,0.07196490372689353,1.9487067570311911,0.00961814223876261
386,1200,387,0.7813749999999999,0.04452993194673991,1.9465076596710589,0.006725727989086837,0.764,0.06636422625417845,1.9487820656652155,0.00959095515537453
387,1200,388,0.7785,0.04548841507936663,1.9465095346335093,0.006699312367174696,0.7590000000000001,0.07181115585522323,1.948784304559831,0.009650365661736103
388,1200,389,0.7813333333333333,0.04415748001115636,1.9465010610577296,0.006690573407438344,0.7609999999999999,0.06858724754876656,1.9487324756085016,0.009599449012995791
389,1200,390,0.7807916666666667,0.04544088361276412,1.9464302002521123,0.006708191152737287,0.7590000000000001,0.07173782676854443,1.9486587737964576,0.009676013181835743
390,1200,391,0.7798333333333333,0.04440032532413347,1.9463695763591828,0.0067334401373077895,0.7609999999999999,0.07055419715964535,1.9487500431756541,0.0096769685271447
391,1200,392,0.7825833333333334,0.04592606249586685,1.9463684548122036,0.006751717101270503,0.7615000000000001,0.06922693421676733,1.9486630117284893,0.009662073576899823
392,1200,393,0.7790833333333333,0.045034018980067446,1.9463932381170488,0.006747269848419565,0.76,0.0729816126806861,1.9488230015788948,0.009704835012353816
393,1200,394,0.7816666666666666,0.045031665272261275,1.9464085670447642,0.006728981331085768,0.763,0.06860259316872563,1.9487310230216859,0.009669868721980439
394,1200,395,0.7806666666666666,0.04598229382087457,1.946417981769064,0.00672380513082655,0.7615000000000001,0.07442940844924983,1.9487666477753969,0.009687698609071479
395,1200,396,0.7817083333333333,0.04522399983215452,1.946408059459793,0.006720950775252109,0.763,0.06966838745461469,1.9487327937725465,0.009685381294691372
396,1200,397,0.78125,0.045157699634251876,1.9463708255747711,0.006699976509403251,0.7625000000000001,0.07122056178557308,1.948786009550386,0.00962611469414976
397,1200,398,0.7819583333333333,0.04602732073873046,1.9463704344351136,0.0066673889667626775,0.7625000000000001,0.07195576126306615,1.9487519709766978,0.009678621501196822
398,1200,399,0.7805833333333333,0.043597457541622406,1.9464157879564425,0.00663202801205306,0.7625,0.0685853291048534,1.9489275954838228,0.009599615106553008
399,1200,400,0.7827083333333333,0.046545798203590366,1.9464410639390493,0.006617411509707556,0.7630000000000001,0.0703450144120504,1.9487847789075665,0.009717143902842576
400,1200,401,0.782375,0.04509190987591135,1.946421959486423,0.0066438037836994085,0.7615000000000001,0.06915086481934381,1.9488677848380735,0.009651016039109988
401,1200,402,0.7815000000000001,0.045217634866542684,1.9463672901717737,0.006698980516334908,0.761,0.07304648844184235,1.9487780363592688,0.009724706750009485
402,1200,403,0.7830833333333334,0.04783018511554324,1.946323273332896,0.006717301065126373,0.764,0.07088909054216126,1.9488152270224106,0.009697925136073583
403,1200,404,0.7830416666666666,0.04455126736667103,1.9463409559959746,0.006686143953530785,0.7655,0.07301585984889644,1.9488835184058957,0.009629047536385212
404,1200,405,0.78175,0.04730368789945334,1.9463859828049226,0.0066487606546644686,0.762,0.07295276049031929,1.948866234046553,0.009710352516359278
405,1200,406,0.7845833333333333,0.045388591837661675,1.946382930208737,0.006641062640831178,0.765,0.07126673395365507,1.9488414161872325,0.009654250434986838
406,1200,407,0.7815416666666667,0.046270463309262405,1.946319771985112,0.006679478190597717,0.763,0.0729166791979939,1.9487385568112352,0.009730332051216713
407,1200,408,0.78425,0.0469087549029998,1.9462657060791777,0.006725034941103635,0.7605000000000002,0.07308790669641017,1.9487740592212393,0.009740901318153564
408,1200,409,0.782375,0.04532797552833212,1.9462604067405107,0.00672802433743673,0.7635000000000001,0.07450008830796602,1.9487881931236415,0.009716076832018672
409,1200,410,0.7817916666666667,0.04647931927086541,1.9463010105093903,0.006700796361630533,0.7620000000000002,0.07438166157694628,1.9488758017751409,0.009748170747922533
410,1200,411,0.7837500000000001,0.046265111329335286,1.9463465934254605,0.006693128505906857,0.7644999999999998,0.07272695873137959,1.9488268451709878,0.009733726161373125
411,1200,412,0.7805,0.046811648223030175,1.9463600635086145,0.006725111225178786,0.7615000000000001,0.07795241463462452,1.94890537652321,0.00976573714265784
412,1200,413,0.782625,0.04693163732357251,1.9463651921389666,0.006777146522856278,0.764,0.07286613537309719,1.9488268570659675,0.009788755057961122
413,1200,414,0.7815000000000001,0.04684692629110236,1.9463797515302925,0.006803009978236192,0.7615000000000001,0.07849069673333402,1.9488789613360642,0.00971339554213159
414,1200,415,0.781625,0.04692556239868361,1.9463635785061377,0.006785087911571401,0.7685000000000002,0.07198501306010271,1.948768270248704,0.009703511749529424
415,1200,416,0.7830416666666666,0.04424337512769629,1.9462926867260133,0.006741610732317167,0.764,0.0727215308738174,1.9486863539797628,0.00963170174226206
416,1200,417,0.7824166666666666,0.04681828440242086,1.9462155180988567,0.006725285621587006,0.7645000000000001,0.07528716952268057,1.9487149633259637,0.009671377810264862
417,1200,418,0.7817916666666667,0.045462434688831356,1.9462014600819573,0.006736686753319285,0.763,0.07298882394622229,1.948702986777798,0.009711722320830252
418,1200,419,0.7813333333333333,0.046143210837920105,1.946243174137246,0.006753828828895511,0.7615000000000001,0.07768187487574257,1.9487914290650916,0.009687249797056117
419,1200,420,0.7822083333333334,0.04603129100364215,1.946264382731488,0.006764111531280887,0.7655000000000001,0.0728715524597544,1.9486962103620953,0.009698199010932617
420,1200,421,0.7815000000000001,0.044831229977400223,1.946222651746973,0.006758905572991517,0.766,0.07214021434897312,1.9487133436116924,0.009672832534615998
421,1200,422,0.7821666666666667,0.04557494951606434,1.946169684748752,0.006751378618235529,0.7650000000000002,0.07359204762529854,1.9486703085677548,0.009647145815862748
422,1200,423,0.7819166666666667,0.045425296942773856,1.9461643662360681,0.006748631671483596,0.7670000000000001,0.07226413538649647,1.9486928870361666,0.009686514761403291
423,1200,424,0.7809999999999999,0.04532097999900458,1.9461902515186704,0.00675347191291454,0.7645000000000002,0.07214568594171103,1.948744121799465,0.009684554270887795
424,1200,425,0.7825416666666667,0.04545053461172077,1.9461939207750727,0.006759979983004613,0.7675000000000002,0.07099851740483182,1.948667288753485,0.009682999868346594
425,1200,426,0.7807083333333333,0.04410685705399202,1.9461628093638546,0.006755985521222376,0.7650000000000001,0.06939588945812432,1.9486903199169692,0.00967397692754082
426,1200,427,0.7817083333333333,0.04503205080179232,1.9461367139775032,0.006744966265098871,0.7670000000000001,0.07153210541612177,1.9486933258700083,0.009657567121442116
427,1200,428,0.7805833333333333,0.04504391943828347,1.9461418308433411,0.006738646138185232,0.7650000000000001,0.06878647357851994,1.94869722566796,0.009669141386597612
428,1200,429,0.7814166666666666,0.04534718248209391,1.9461568353807128,0.006739199338572061,0.765,0.07430378611873655,1.9487031296336295,0.009671433683724974
429,1200,430,0.7812916666666666,0.04451696158118896,1.9461607498054554,0.006733912980241559,0.7660000000000002,0.06762123615364751,1.9487393782881344,0.009664414465619203
430,1200,431,0.7815,0.04488500576684891,1.9461595909655052,0.0067155871265776965,0.7670000000000001,0.07071812095622271,1.9486872360822534,0.009653793158706243
431,1200,432,0.7805,0.04364546827088461,1.9461602864682228,0.006699260045453455,0.766,0.07044221222504225,1.9487539027984901,0.009646260693648347
432,1200,433,0.78175,0.04554245817998876,1.9461544619830433,0.006707053427071225,0.7680000000000001,0.0705318143968044,1.9486857979854286,0.009668374729517247
433,1200,434,0.7803333333333333,0.043693175293762536,1.9461369749553377,0.00673637911918273,0.7655000000000001,0.06977218568123576,1.9486892319536882,0.009693655734981653
434,1200,435,0.7819583333333333,0.045404513101029054,1.9461208085104011,0.006761450393231289,0.7675000000000001,0.06995299173467551,1.9487329711404038,0.009648734900552297
435,1200,436,0.780375,0.04402739959621369,1.9461192186831657,0.006764657065588562,0.7665000000000002,0.06729940955399079,1.9486447789050263,0.00971170215314687
436,1200,437,0.781625,0.044241061971063554,1.9461304239141544,0.006754045819399139,0.7675000000000001,0.06942432457075302,1.9488095884874337,0.00958554871020443
437,1200,438,0.7803333333333333,0.04396835651089321,1.9461457048654498,0.006745493011387352,0.7660000000000002,0.06754335839412999,1.9486495725760968,0.009719304624716728
438,1200,439,0.7814166666666666,0.04429359451004044,1.9461605463798257,0.00674573494165586,0.7670000000000001,0.06890878792020348,1.9488385822684138,0.009576859569340113
439,1200,440,0.780375,0.04342557237685313,1.9461685458710505,0.006750147655696515,0.7670000000000002,0.06641971806149449,1.9486750966106807,0.009729935013570345
440,1200,441,0.78075,0.044839626506731275,1.9461709161316012,0.006752133479483139,0.7670000000000001,0.07277217513366088,1.9488193433209215,0.009624466350828474
441,1200,442,0.7805,0.04295754738335259,1.9461789206370497,0.006745243647300204,0.7690000000000002,0.06648308055437863,1.9487330544396713,0.009720723749047018
442,1200,443,0.7802083333333333,0.0459483206713218,1.946197768099227,0.006736178333091713,0.766,0.07250408336958103,1.9488240946492836,0.009716707483559323
443,1200,444,0.782125,0.0436028016630296,1.9462087435760886,0.006737301100727166,0.7695000000000001,0.06778254704723424,1.9487619687414035,0.009723959375117759
444,1200,445,0.77975,0.044868309581244145,1.9461871350740911,0.0067636274338336065,0.7649999999999999,0.07119284411112949,1.9487334282561015,0.009816973935598954
445,1200,446,0.781625,0.044435605389324784,1.9461575608373898,0.006798684347384954,0.7680000000000001,0.07008265796449518,1.9487977754511931,0.009718066093322795
446,1200,447,0.7795833333333333,0.04372587053891513,1.9461600970948507,0.006803703967014617,0.7645000000000002,0.0695455170903806,1.9487185715976802,0.009790992241462437
447,1200,448,0.7812083333333334,0.0458986575948126,1.9461821231475045,0.006764870923144502,0.7695000000000001,0.07044781569958082,1.9488545978894176,0.009631360895863784
448,1200,449,0.78025,0.043323295058626886,1.9461809627341853,0.006719945914739973,0.7660000000000002,0.06847204577513058,1.9486868923033298,0.009661314715557694
449,1200,450,0.780375,0.04575190134418665,1.946139396931973,0.006701455302803797,0.7675000000000001,0.07017834423809101,1.9487763073387483,0.009628527043989856
450,1200,451,0.782125,0.04283491617663853,1.94609999580682,0.006708684243787044,0.7675000000000001,0.06711145482271305,1.9487088397854309,0.009602541938787814
451,1200,452,0.7790833333333333,0.04502265511588814,1.9461036435297276,0.006716362559027494,0.7635,0.06930292011771297,1.948765210966993,0.009696295795619318
452,1200,453,0.7824166666666666,0.04375879193196527,1.9461250551373688,0.006717800510243254,0.7695000000000001,0.06731504875935013,1.9487749169941548,0.009633896528019907
453,1200,454,0.779,0.044442287959378615,1.946115048623362,0.006727283386631966,0.7630000000000001,0.06767569726275452,1.9486612902149207,0.009758887519420348
454,1200,455,0.7812916666666666,0.04444547467738695,1.9460633222130315,0.006746987780066567,0.7660000000000001,0.06870225614927067,1.9487067062035746,0.009711134645296274
455,1200,456,0.780125,0.04365876033284924,1.9460243516929552,0.006757552495920216,0.7655000000000002,0.0674712414370199,1.9486355131596007,0.009723547756517837
456,1200,457,0.780875,0.044730736812503724,1.9460322994593107,0.006742242196730547,0.7665,0.06930292011771297,1.9487522608880936,0.009693770726678057
457,1200,458,0.7803333333333333,0.043580939017121165,1.946061773629029,0.006718288686807347,0.7675,0.06584471365105533,1.9486751674056364,0.009654112491124434
458,1200,459,0.7799166666666666,0.04474007126288676,1.9460660733309525,0.006708738695012913,0.7675000000000001,0.06934847169416057,1.948730512172213,0.009689481922657985
459,1200,460,0.78075,0.04445404684279883,1.9460341240611023,0.006716628431452395,0.7670000000000001,0.06665701684546677,1.9486081724448645,0.009688754004211257
460,1200,461,0.7799583333333333,0.04435821999682305,1.9459995948434163,0.0067258131129002705,0.7675000000000001,0.06726812023536853,1.9486888473309065,0.00972479258756875
461,1200,462,0.780625,0.04486242371298621,1.945988907907895,0.0067251708925031625,0.766,0.0669956793579375,1.9486118605116367,0.00970127216747069
462,1200,463,0.7802083333333333,0.04343180023818749,1.9459919966117063,0.006718303476252621,0.7685000000000001,0.06563655913236797,1.948686732720795,0.009724677848830661
463,1200,464,0.7809999999999999,0.045127013732586534,1.9459863978571448,0.006713364298821609,0.7665,0.06698585868045501,1.9485865214723994,0.009642879353851424
464,1200,465,0.779625,0.043696583932481735,1.945966205050252,0.006710996124945256,0.769,0.06568665649966712,1.9486567484526276,0.00976956293457279
465,1200,466,0.7819583333333333,0.044794262470682536,1.945946349479551,0.006706110144217219,0.7705000000000001,0.07067159036140708,1.9485332829131288,0.009609708997902845
466,1200,467,0.7780833333333333,0.04333510455219539,1.9459415504331297,0.006700161579170362,0.765,0.06492911114195397,1.9487169840659813,0.009892418715988498
467,1200,468,0.7829166666666667,0.044961403200720715,1.9459571345728435,0.006698378359469493,0.774,0.07125934841718738,1.9485047603473749,0.009596185802835625
468,1200,469,0.7774166666666666,0.0433956198776029,1.9459882584254973,0.006702975535599632,0.762,0.06558241099242199,1.94882613079291,0.009983252134088495
469,1200,470,0.78225,0.04611920417951776,1.946006140390382,0.006703435962573985,0.7745000000000001,0.07044781569958082,1.9484769427392876,0.009586654616722246
470,1200,471,0.77925,0.0433248136024174,1.9459827509548226,0.006689361950271054,0.7665000000000002,0.06523439518988028,1.9486548008213105,0.009740103897353546
471,1200,472,0.7812916666666666,0.04522480801765684,1.9459254213449917,0.00667469918215285,0.773,0.06767569726275452,1.9485343569180198,0.009674318352000484
472,1200,473,0.7815,0.04402999376421932,1.9458894053610247,0.0066741729705033625,0.7725000000000001,0.06904422686335113,1.948451182313212,0.009590123553966592
473,1200,474,0.7791666666666667,0.04386399101315724,1.9458933347097926,0.006684267573212352,0.7655000000000001,0.06508900788434574,1.9486844623435116,0.009875947770865897
474,1200,475,0.782625,0.044972599682720375,1.9459056613626384,0.006700452365593298,0.7740000000000001,0.0691603780696494,1.9483995870198676,0.009607682572510313
475,1200,476,0.7796666666666667,0.04438616427387445,1.9458919783361275,0.006714466414405571,0.7700000000000001,0.06625310320438227,1.9486015930072553,0.009794748601236069
476,1200,477,0.78225,0.04370881520146468,1.9458642434410052,0.006730716409050995,0.7735000000000001,0.06563655913236802,1.9485032505812652,0.009747672539932056
477,1200,478,0.7802916666666666,0.045083803545234113,1.9458697269200258,0.00676052554889943,0.7705,0.06840090796565727,1.9485338148835603,0.009750568940214682
478,1200,479,0.7811250000000001,0.04250410626877832,1.9459145159035192,0.006795478144348545,0.7705,0.0654116519476944,1.948700068676877,0.009921756020220761
479,1200,480,0.780375,0.04654548410579993,1.9459688114393834,0.006828766732319557,0.771,0.07085195833567341,1.9485815425207709,0.00977529350978171
480,1200,481,0.782,0.042968606791361566,1.9459822451299527,0.006807972602509512,0.775,0.06613383559514989,1.9486541397038608,0.009756973171559472
481,1200,482,0.78,0.046516047661624045,1.9459613142613812,0.006742395558787814,0.7675,0.0706268921497813,1.9485927828899552,0.009738367107908536
482,1200,483,0.7830833333333334,0.0436008107923968,1.9459294080215386,0.006657152873341311,0.772,0.06590263951266931,1.9485808970448641,0.009622504102776158
483,1200,484,0.779375,0.04681592281110104,1.9459111564432423,0.00662853109368822,0.7715,0.07213109410540024,1.9485652882345197,0.009756950546694816
484,1200,485,0.7832083333333333,0.04337403200126527,1.9459160256197865,0.006655703317076648,0.7715,0.06892215288203594,1.948622436846836,0.00973093426062797
485,1200,486,0.7816666666666666,0.04541958384321929,1.9458887465950536,0.006711746976864947,0.773,0.07469939758793238,1.9484705619893277,0.009756447615244758
486,1200,487,0.7811250000000001,0.043493525598712356,1.9458575141823746,0.006737347886959972,0.7695,0.06652858507122292,1.9485822530991475,0.009813135779634854
487,1200,488,0.7830416666666666,0.04525776967962816,1.9458255760236107,0.006692024147476333,0.7740000000000001,0.06984192678357397,1.9484641517126728,0.009634159852120171
488,1200,489,0.7811666666666667,0.0443408514928515,1.945810090669085,0.006627139694576098,0.774,0.07036745659300485,1.9484653727896717,0.009735634526038922
489,1200,490,0.7832916666666667,0.045247431350957934,1.9458105237290444,0.006609834705360893,0.7740000000000001,0.07214021434897315,1.9485694224282124,0.009690953275871201
490,1200,491,0.7825416666666667,0.04407054668137577,1.945804942243787,0.006651287272371858,0.776,0.07096329666584136,1.948358731403284,0.009747061928332135
491,1200,492,0.7826666666666667,0.04515778057210996,1.9458013134232306,0.006694344609985895,0.772,0.07015771706061917,1.9486188921673644,0.009781628596108488
492,1200,493,0.7831666666666667,0.04423786052798628,1.9458033529164829,0.0066825148262299955,0.7750000000000001,0.0703749357296145,1.9483707515643243,0.009698525995045863
493,1200,494,0.7821666666666667,0.04507012080606934,1.945819274481097,0.006633815427242081,0.7749999999999999,0.07059894139656621,1.9485997180235592,0.009689626825457386
494,1200,495,0.7832083333333333,0.043622747265014944,1.9458381987121474,0.006610945624642548,0.7755,0.06984757841562098,1.948450530935173,0.009761783882356637
495,1200,496,0.782625,0.04560771822825939,1.9458473576084596,0.006639885026675301,0.7755000000000001,0.06969671139262863,1.9485277306226387,0.0097170907378584
496,1200,497,0.7816666666666666,0.04423819101025322,1.9458384899580214,0.006670345662680714,0.7715000000000001,0.06899847443012207,1.948478433415642,0.009861298293892857
497,1200,498,0.7833333333333333,0.04532614107033034,1.9458113186926234,0.006657054621075821,0.7755000000000001,0.07148610464904867,1.9484087651675572,0.009718362432374096
498,1200,499,0.7820833333333332,0.04542964163606496,1.9457661174681693,0.006619032130871977,0.773,0.07123718721359837,1.948410243204253,0.009781775052404372
499,1200,500,0.7825,0.04471155115870557,1.945719534736747,0.006609470841610735,0.7735000000000001,0.0708798093142261,1.9483309113013276,0.009753546932534642
