train_acc,train_cost,val_acc,val_cost,test_acc,test_cost,step,n_train
0.12307692307692308,2.0824370408697663,0.11538461538461539,2.0928278993167124,0.9560439560439561,1.5366118035748395,1,1040
0.12980769230769232,2.0866674075872083,0.14615384615384616,2.0770698085180244,0.9560439560439561,1.5366118035748395,2,1040
0.11442307692307692,2.0838470424421445,0.12307692307692308,2.077674629266656,0.9560439560439561,1.5366118035748395,3,1040
0.06442307692307692,2.08091498383656,0.06153846153846154,2.0984994076278807,0.9560439560439561,1.5366118035748395,4,1040
0.2653846153846154,2.0939349488750536,0.25384615384615383,2.062806235373797,0.9560439560439561,1.5366118035748395,5,1040
0.14038461538461539,2.0588665894919536,0.13076923076923078,2.0602012183501768,0.9560439560439561,1.5366118035748395,6,1040
0.21634615384615385,2.060747787431803,0.2076923076923077,2.0376365315836438,0.9560439560439561,1.5366118035748395,7,1040
0.3153846153846154,2.0347761227869,0.36923076923076925,1.9969171430206198,0.9560439560439561,1.5366118035748395,8,1040
0.16346153846153846,2.0161807730092525,0.16923076923076924,2.008352011703908,0.9560439560439561,1.5366118035748395,9,1040
0.27403846153846156,2.019029869876479,0.2923076923076923,2.0243293652982675,0.9560439560439561,1.5366118035748395,10,1040
0.4076923076923077,2.015707444230246,0.4076923076923077,1.969701300049032,0.9560439560439561,1.5366118035748395,11,1040
0.44903846153846155,1.959347360588963,0.4153846153846154,1.9530159833013216,0.9560439560439561,1.5366118035748395,12,1040
0.5855769230769231,1.94995444259023,0.5230769230769231,1.911792245599248,0.9560439560439561,1.5366118035748395,13,1040
0.5980769230769231,1.8985469697867945,0.5538461538461539,1.885061730394603,0.9560439560439561,1.5366118035748395,14,1040
0.6817307692307693,1.8777958334407963,0.6384615384615384,1.872706676995568,0.9560439560439561,1.5366118035748395,15,1040
0.575,1.8622996779668493,0.5846153846153846,1.849913983557852,0.9560439560439561,1.5366118035748395,16,1040
0.6134615384615385,1.835106603369422,0.6230769230769231,1.8382547116600712,0.9560439560439561,1.5366118035748395,17,1040
0.6413461538461539,1.8234194842277849,0.6384615384615384,1.8220467886156744,0.9560439560439561,1.5366118035748395,18,1040
0.7423076923076923,1.8072057187350996,0.7230769230769231,1.7931016323441948,0.9560439560439561,1.5366118035748395,19,1040
0.7923076923076923,1.7783033021383952,0.7461538461538462,1.779662634849282,0.9560439560439561,1.5366118035748395,20,1040
0.7913461538461538,1.7635816520680918,0.7846153846153846,1.756906044409404,0.9560439560439561,1.5366118035748395,21,1040
0.8096153846153846,1.7450560877222119,0.8076923076923077,1.7534127200543972,0.9560439560439561,1.5366118035748395,22,1040
0.8394230769230769,1.7470618964076248,0.823076923076923,1.7464997620136002,0.9560439560439561,1.5366118035748395,23,1040
0.8413461538461539,1.7310738973853992,0.8461538461538461,1.7353770500324053,0.9560439560439561,1.5366118035748395,24,1040
0.8461538461538461,1.7165419226477954,0.8615384615384616,1.7256015596201868,0.9560439560439561,1.5366118035748395,25,1040
0.8355769230769231,1.7109851124712896,0.8461538461538461,1.7229954706835278,0.9560439560439561,1.5366118035748395,26,1040
0.8471153846153846,1.7028894321687202,0.8538461538461538,1.7170865813166922,0.9560439560439561,1.5366118035748395,27,1040
0.8730769230769231,1.6937540606269785,0.823076923076923,1.7053343020365197,0.9560439560439561,1.5366118035748395,28,1040
0.8846153846153846,1.6820458225948733,0.8769230769230769,1.7024343111684923,0.9560439560439561,1.5366118035748395,29,1040
0.8721153846153846,1.6779191191311258,0.8538461538461538,1.6929302883784054,0.9560439560439561,1.5366118035748395,30,1040
0.8798076923076923,1.6678845675659464,0.8615384615384616,1.6864676976102952,0.9560439560439561,1.5366118035748395,31,1040
0.8778846153846154,1.6577073706322984,0.8615384615384616,1.6768093572793938,0.9560439560439561,1.5366118035748395,32,1040
0.8817307692307692,1.6509186705150403,0.8538461538461538,1.6731049954481245,0.9560439560439561,1.5366118035748395,33,1040
0.8817307692307692,1.6505061892916855,0.9076923076923077,1.6718830855528155,0.9560439560439561,1.5366118035748395,34,1040
0.8798076923076923,1.644878772029518,0.8769230769230769,1.6603591137210372,0.9560439560439561,1.5366118035748395,35,1040
0.8923076923076924,1.6414561458888908,0.9,1.6619868501766875,0.9560439560439561,1.5366118035748395,36,1040
0.8711538461538462,1.642214301603641,0.8769230769230769,1.659220941443,0.9560439560439561,1.5366118035748395,37,1040
0.8903846153846153,1.6450264420600504,0.8923076923076924,1.662492553213263,0.9560439560439561,1.5366118035748395,38,1040
0.8817307692307692,1.6376304615254678,0.8923076923076924,1.645629483477425,0.9560439560439561,1.5366118035748395,39,1040
0.8884615384615384,1.626197806629922,0.9076923076923077,1.6448134775830232,0.9560439560439561,1.5366118035748395,40,1040
0.8951923076923077,1.6260507082900284,0.9,1.6481680913114627,0.9560439560439561,1.5366118035748395,41,1040
0.8971153846153846,1.6297808123977173,0.9,1.6462436320607543,0.9560439560439561,1.5366118035748395,42,1040
0.8961538461538462,1.6265132910161608,0.8769230769230769,1.6404949439579506,0.9560439560439561,1.5366118035748395,43,1040
0.9057692307692308,1.6223685175263585,0.8769230769230769,1.6355642356187814,0.9560439560439561,1.5366118035748395,44,1040
0.9086538461538461,1.6180355980289278,0.8769230769230769,1.635465148175198,0.9560439560439561,1.5366118035748395,45,1040
0.9076923076923077,1.6112143138599506,0.9,1.6305484010026932,0.9560439560439561,1.5366118035748395,46,1040
0.8990384615384616,1.6110937969317163,0.8923076923076924,1.6318326682735576,0.9560439560439561,1.5366118035748395,47,1040
0.9009615384615385,1.6085757727056436,0.9153846153846154,1.6347278006244848,0.9560439560439561,1.5366118035748395,48,1040
0.9096153846153846,1.6106883933952485,0.9076923076923077,1.6276993328755038,0.9560439560439561,1.5366118035748395,49,1040
0.9125,1.609700966859261,0.9,1.6311669184047906,0.9560439560439561,1.5366118035748395,50,1040
0.9009615384615385,1.6077183853491386,0.9076923076923077,1.6391002766407619,0.9560439560439561,1.5366118035748395,51,1040
0.9105769230769231,1.615181459186104,0.8923076923076924,1.6411993534426526,0.9560439560439561,1.5366118035748395,52,1040
0.9057692307692308,1.6211382499593,0.9230769230769231,1.6359385914157967,0.9560439560439561,1.5366118035748395,53,1040
0.9115384615384615,1.6153059132942635,0.9076923076923077,1.6272907041961873,0.9560439560439561,1.5366118035748395,54,1040
0.9163461538461538,1.6040267761243148,0.9,1.6156418003023865,0.9560439560439561,1.5366118035748395,55,1040
0.9134615384615384,1.5950020259356241,0.9076923076923077,1.6212686578626418,0.9560439560439561,1.5366118035748395,56,1040
0.9173076923076923,1.5957086152380573,0.8846153846153846,1.626270138885275,0.9560439560439561,1.5366118035748395,57,1040
0.9221153846153847,1.6022064684582527,0.9153846153846154,1.6300163757979016,0.9560439560439561,1.5366118035748395,58,1040
0.9144230769230769,1.6052709463583763,0.9,1.6249842217181425,0.9560439560439561,1.5366118035748395,59,1040
0.9173076923076923,1.5983035739222016,0.9076923076923077,1.6104043368861012,0.9560439560439561,1.5366118035748395,60,1040
0.9278846153846154,1.5880034135031609,0.8923076923076924,1.61034361132615,0.9560439560439561,1.5366118035748395,61,1040
0.9192307692307692,1.585779021041482,0.8923076923076924,1.6134105875878872,0.9560439560439561,1.5366118035748395,62,1040
0.926923076923077,1.5897340553109605,0.9230769230769231,1.6166145729292427,0.9560439560439561,1.5366118035748395,63,1040
0.9221153846153847,1.591844301655308,0.9,1.613681918378659,0.9560439560439561,1.5366118035748395,64,1040
0.9221153846153847,1.5901525705464163,0.8923076923076924,1.61019856254376,0.9560439560439561,1.5366118035748395,65,1040
0.9375,1.5854217120719183,0.9,1.6069563782637042,0.9560439560439561,1.5366118035748395,66,1040
0.9298076923076923,1.581709309802265,0.9076923076923077,1.6081567503420262,0.9560439560439561,1.5366118035748395,67,1040
0.9278846153846154,1.583630531929573,0.9076923076923077,1.6133855421181418,0.9560439560439561,1.5366118035748395,68,1040
0.9288461538461539,1.5883464814666923,0.8923076923076924,1.6109549488642612,0.9560439560439561,1.5366118035748395,69,1040
0.9336538461538462,1.5868067007847064,0.9,1.6106903083467576,0.9560439560439561,1.5366118035748395,70,1040
0.9307692307692308,1.584938542325104,0.9076923076923077,1.6183964033342224,0.9560439560439561,1.5366118035748395,71,1040
0.9326923076923077,1.5934521268750352,0.9,1.6210253381711002,0.9560439560439561,1.5366118035748395,72,1040
0.9298076923076923,1.598800455997889,0.9076923076923077,1.6136955536522246,0.9560439560439561,1.5366118035748395,73,1040
0.9317307692307693,1.584928896833432,0.9230769230769231,1.595961271564748,0.9560439560439561,1.5366118035748395,74,1040
0.9384615384615385,1.5731570170513545,0.9,1.6045511768444785,0.9560439560439561,1.5366118035748395,75,1040
0.9307692307692308,1.5768744534479264,0.9076923076923077,1.6054549793373278,0.9560439560439561,1.5366118035748395,76,1040
0.9365384615384615,1.5804068386536585,0.9153846153846154,1.5990817293289163,0.9560439560439561,1.5366118035748395,77,1040
0.9384615384615385,1.5766622874326746,0.8923076923076924,1.6030140057181472,0.9560439560439561,1.5366118035748395,78,1040
0.9384615384615385,1.5748559861137692,0.9230769230769231,1.5949597445838009,0.9560439560439561,1.5366118035748395,79,1040
0.9346153846153846,1.5712648057994938,0.9,1.594981840213704,0.9560439560439561,1.5366118035748395,80,1040
0.9375,1.5691525620915325,0.8923076923076924,1.5963919083781142,0.9560439560439561,1.5366118035748395,81,1040
0.9394230769230769,1.5703471131388722,0.9230769230769231,1.5939783562835939,0.9560439560439561,1.5366118035748395,82,1040
0.9346153846153846,1.5699605979370133,0.9076923076923077,1.593017208237438,0.9560439560439561,1.5366118035748395,83,1040
0.9384615384615385,1.56668679118862,0.9307692307692308,1.589923759796922,0.9560439560439561,1.5366118035748395,84,1040
0.9394230769230769,1.5647582071451243,0.9230769230769231,1.5895535404236958,0.9560439560439561,1.5366118035748395,85,1040
0.9413461538461538,1.5652860276485316,0.9230769230769231,1.5882055968841835,0.9560439560439561,1.5366118035748395,86,1040
0.9442307692307692,1.5632086929382458,0.9307692307692308,1.5865720790439621,0.9560439560439561,1.5366118035748395,87,1040
0.9394230769230769,1.5610721189138643,0.9076923076923077,1.5877803236429955,0.9560439560439561,1.5366118035748395,88,1040
0.9442307692307692,1.5626859995746714,0.9230769230769231,1.5882028821504854,0.9560439560439561,1.5366118035748395,89,1040
0.9451923076923077,1.5626366030555423,0.9153846153846154,1.5840392103804308,0.9560439560439561,1.5366118035748395,90,1040
0.9423076923076923,1.5589909025193252,0.9153846153846154,1.5829103467646086,0.9560439560439561,1.5366118035748395,91,1040
0.948076923076923,1.5573732916093623,0.9307692307692308,1.5857237671843074,0.9560439560439561,1.5366118035748395,92,1040
0.9423076923076923,1.5587083332424798,0.9230769230769231,1.5841598039928766,0.9560439560439561,1.5366118035748395,93,1040
0.9490384615384615,1.5585747447920086,0.9307692307692308,1.5836674836593279,0.9560439560439561,1.5366118035748395,94,1040
0.948076923076923,1.556449748797435,0.9307692307692308,1.5832092087089442,0.9560439560439561,1.5366118035748395,95,1040
0.9471153846153846,1.5554546836010672,0.9153846153846154,1.5819746232343992,0.9560439560439561,1.5366118035748395,96,1040
0.9461538461538461,1.5566490981934176,0.9307692307692308,1.5894592966144743,0.9560439560439561,1.5366118035748395,97,1040
0.9384615384615385,1.5589567988497213,0.9153846153846154,1.5889507784156076,0.9560439560439561,1.5366118035748395,98,1040
0.9355769230769231,1.5657869257646146,0.9076923076923077,1.617172022163911,0.9560439560439561,1.5366118035748395,99,1040
0.9288461538461539,1.5840855623216032,0.9153846153846154,1.6297182245660777,0.9560439560439561,1.5366118035748395,100,1040
0.9259615384615385,1.613911282633841,0.8923076923076924,1.646057430366082,0.9560439560439561,1.5366118035748395,101,1040
0.9403846153846154,1.6121051683968526,0.9153846153846154,1.5925341346319295,0.9560439560439561,1.5366118035748395,102,1040
0.9413461538461538,1.5706938259545977,0.9230769230769231,1.5862139939758848,0.9560439560439561,1.5366118035748395,103,1040
0.9384615384615385,1.559770675950539,0.9153846153846154,1.6160689795525576,0.9560439560439561,1.5366118035748395,104,1040
0.9365384615384615,1.5841208246782639,0.9076923076923077,1.6064827768460062,0.9560439560439561,1.5366118035748395,105,1040
0.948076923076923,1.5875545991773892,0.9153846153846154,1.5982174657355421,0.9560439560439561,1.5366118035748395,106,1040
0.948076923076923,1.56402159545176,0.9153846153846154,1.589041999542886,0.9560439560439561,1.5366118035748395,107,1040
0.9355769230769231,1.5592674585207635,0.9076923076923077,1.5968173003203137,0.9560439560439561,1.5366118035748395,108,1040
0.9432692307692307,1.5745731431926397,0.9153846153846154,1.6064704001560997,0.9560439560439561,1.5366118035748395,109,1040
0.9528846153846153,1.5728409553517517,0.9307692307692308,1.5832179323630953,0.9560439560439561,1.5366118035748395,110,1040
0.9413461538461538,1.5560495225750193,0.9076923076923077,1.5866885516686593,0.9560439560439561,1.5366118035748395,111,1040
0.9442307692307692,1.5588107421787032,0.9,1.6008942577107916,0.9560439560439561,1.5366118035748395,112,1040
0.9451923076923077,1.568886543734154,0.9153846153846154,1.584081990609333,0.9560439560439561,1.5366118035748395,113,1040
0.9461538461538461,1.5600286397095506,0.9307692307692308,1.5829262996688505,0.9560439560439561,1.5366118035748395,114,1040
0.9451923076923077,1.552175934833913,0.9153846153846154,1.5902008826780512,0.9560439560439561,1.5366118035748395,115,1040
0.9451923076923077,1.5590113563594856,0.9076923076923077,1.585250258655425,0.9560439560439561,1.5366118035748395,116,1040
0.95,1.560171542108416,0.9153846153846154,1.5852020281683732,0.9560439560439561,1.5366118035748395,117,1040
0.9451923076923077,1.5531409873828619,0.9230769230769231,1.5824006883969388,0.9560439560439561,1.5366118035748395,118,1040
0.9432692307692307,1.5524473842281947,0.9307692307692308,1.5827784164676404,0.9560439560439561,1.5366118035748395,119,1040
0.9509615384615384,1.5541856667215799,0.9230769230769231,1.58469637617859,0.9560439560439561,1.5366118035748395,120,1040
0.9461538461538461,1.5533839397433526,0.9153846153846154,1.5793858624220143,0.9560439560439561,1.5366118035748395,121,1040
0.9451923076923077,1.552335237861863,0.9307692307692308,1.5818198966069137,0.9560439560439561,1.5366118035748395,122,1040
0.9490384615384615,1.551646654114234,0.9230769230769231,1.5801619753778555,0.9560439560439561,1.5366118035748395,123,1040
0.9471153846153846,1.5499373521685869,0.9153846153846154,1.5780923943912706,0.9560439560439561,1.5366118035748395,124,1040
0.9548076923076924,1.5488250674842083,0.9384615384615385,1.5805451787709637,0.9560439560439561,1.5366118035748395,125,1040
0.9461538461538461,1.5499679824898638,0.9153846153846154,1.5795434397366097,0.9560439560439561,1.5366118035748395,126,1040
0.9471153846153846,1.5514587754257605,0.9307692307692308,1.5821567190152588,0.9560439560439561,1.5366118035748395,127,1040
0.9490384615384615,1.550224398178482,0.9076923076923077,1.5770352999394455,0.9560439560439561,1.5366118035748395,128,1040
0.9490384615384615,1.5490045998528674,0.9307692307692308,1.5835963553723,0.9560439560439561,1.5366118035748395,129,1040
0.9461538461538461,1.5534244810645519,0.9076923076923077,1.5911462835846286,0.9560439560439561,1.5366118035748395,130,1040
0.9403846153846154,1.5621330239535265,0.9153846153846154,1.600350087486743,0.9560439560439561,1.5366118035748395,131,1040
0.9413461538461538,1.5710455198345792,0.9153846153846154,1.6062673374644396,0.9560439560439561,1.5366118035748395,132,1040
0.9384615384615385,1.5783919070328576,0.9230769230769231,1.6019128621549907,0.9560439560439561,1.5366118035748395,133,1040
0.9471153846153846,1.5724235555512236,0.9230769230769231,1.5838969767383906,0.9560439560439561,1.5366118035748395,134,1040
0.9538461538461539,1.5571655751761648,0.9307692307692308,1.5805966536466223,0.9560439560439561,1.5366118035748395,135,1040
0.95,1.5484358888367145,0.9307692307692308,1.5821890996514552,0.9560439560439561,1.5366118035748395,136,1040
0.9461538461538461,1.5537053111406527,0.9230769230769231,1.5881046134843253,0.9560439560439561,1.5366118035748395,137,1040
0.948076923076923,1.5596384091066255,0.9230769230769231,1.5854720801100706,0.9560439560439561,1.5366118035748395,138,1040
0.948076923076923,1.5546413145167801,0.9230769230769231,1.5755214818908154,0.9560439560439561,1.5366118035748395,139,1040
0.9528846153846153,1.5490824960228025,0.9307692307692308,1.5806733479318253,0.9560439560439561,1.5366118035748395,140,1040
0.9461538461538461,1.5496619727429302,0.9307692307692308,1.5794239534745842,0.9560439560439561,1.5366118035748395,141,1040
0.9519230769230769,1.5516421963138842,0.9230769230769231,1.5768852714635664,0.9560439560439561,1.5366118035748395,142,1040
0.9490384615384615,1.5500801828375486,0.9384615384615385,1.5779037185681877,0.9560439560439561,1.5366118035748395,143,1040
0.9461538461538461,1.5475902595547266,0.9230769230769231,1.5723585948745504,0.9560439560439561,1.5366118035748395,144,1040
0.9557692307692308,1.5474513061414847,0.9384615384615385,1.576310613036654,0.9560439560439561,1.5366118035748395,145,1040
0.9471153846153846,1.5469153588390392,0.9230769230769231,1.57379582931939,0.9560439560439561,1.5366118035748395,146,1040
0.9538461538461539,1.545768462594035,0.9307692307692308,1.5715422121863596,0.9560439560439561,1.5366118035748395,147,1040
0.9509615384615384,1.5456287122778523,0.9307692307692308,1.5749685297820457,0.9560439560439561,1.5366118035748395,148,1040
0.95,1.5456430922886448,0.9230769230769231,1.5699265225909487,0.9560439560439561,1.5366118035748395,149,1040
0.9557692307692308,1.5447988615915331,0.9307692307692308,1.571251586884997,0.9560439560439561,1.5366118035748395,150,1040
0.95,1.5439480757573694,0.9384615384615385,1.572432545468739,0.9560439560439561,1.5366118035748395,151,1040
0.9528846153846153,1.5448024553473432,0.9230769230769231,1.571446217478417,0.9560439560439561,1.5366118035748395,152,1040
0.9538461538461539,1.5462407650773464,0.9307692307692308,1.5746214474976192,0.9560439560439561,1.5366118035748395,153,1040
0.9528846153846153,1.5471030048315637,0.9384615384615385,1.5742625371382335,0.9560439560439561,1.5366118035748395,154,1040
0.9509615384615384,1.5484566731717926,0.9384615384615385,1.5786756390885597,0.9560439560439561,1.5366118035748395,155,1040
0.9471153846153846,1.5532229764060832,0.9384615384615385,1.5864521431554868,0.9560439560439561,1.5366118035748395,156,1040
0.9451923076923077,1.5602108340964185,0.9384615384615385,1.5902991265417152,0.9560439560439561,1.5366118035748395,157,1040
0.9471153846153846,1.5658901415005904,0.9538461538461539,1.586438379065396,0.9560439560439561,1.5366118035748395,158,1040
0.948076923076923,1.5614539729287984,0.9307692307692308,1.5785005699009629,0.9560439560439561,1.5366118035748395,159,1040
0.9548076923076924,1.5519083502479014,0.9384615384615385,1.5687488524410307,0.9560439560439561,1.5366118035748395,160,1040
0.9528846153846153,1.5433584581185056,0.9538461538461539,1.5699377093130134,0.9560439560439561,1.5366118035748395,161,1040
0.9519230769230769,1.5432360091609725,0.9384615384615385,1.5754712119668703,0.9560439560439561,1.5366118035748395,162,1040
0.9509615384615384,1.5499880224058662,0.9461538461538461,1.5790451322155794,0.9560439560439561,1.5366118035748395,163,1040
0.9490384615384615,1.5531828072570202,0.9307692307692308,1.5740033105820521,0.9560439560439561,1.5366118035748395,164,1040
0.9548076923076924,1.5485422037818644,0.9384615384615385,1.5714547783024508,0.9560439560439561,1.5366118035748395,165,1040
0.9471153846153846,1.5439702046943145,0.9307692307692308,1.5707067868790971,0.9560439560439561,1.5366118035748395,166,1040
0.9538461538461539,1.5466852196729446,0.9384615384615385,1.5780702372352902,0.9560439560439561,1.5366118035748395,167,1040
0.9451923076923077,1.5506619459297306,0.9384615384615385,1.5735051032308944,0.9560439560439561,1.5366118035748395,168,1040
0.9567307692307693,1.5498758056594126,0.9461538461538461,1.575826574039169,0.9560439560439561,1.5366118035748395,169,1040
0.9528846153846153,1.5479882360203012,0.9384615384615385,1.5726590722506004,0.9560439560439561,1.5366118035748395,170,1040
0.9538461538461539,1.5479611992341653,0.9461538461538461,1.577224758163059,0.9560439560439561,1.5366118035748395,171,1040
0.9509615384615384,1.549700518950998,0.9384615384615385,1.5777901474506397,0.9560439560439561,1.5366118035748395,172,1040
0.9490384615384615,1.5523626422121286,0.9153846153846154,1.5824297642232068,0.9560439560439561,1.5366118035748395,173,1040
0.9490384615384615,1.5572479303522966,0.9384615384615385,1.586787459748522,0.9560439560439561,1.5366118035748395,174,1040
0.9471153846153846,1.5599429456718799,0.9230769230769231,1.5786835554110166,0.9560439560439561,1.5366118035748395,175,1040
0.948076923076923,1.5552561556169717,0.9538461538461539,1.577517061636542,0.9560439560439561,1.5366118035748395,176,1040
0.9557692307692308,1.549882007500835,0.9384615384615385,1.5712243343881702,0.9560439560439561,1.5366118035748395,177,1040
0.9528846153846153,1.5475319381441144,0.9461538461538461,1.5722179145519501,0.9560439560439561,1.5366118035748395,178,1040
0.9528846153846153,1.5456601868496886,0.9384615384615385,1.5677637854443172,0.9560439560439561,1.5366118035748395,179,1040
0.9538461538461539,1.542995916913793,0.9538461538461539,1.567249146958128,0.9560439560439561,1.5366118035748395,180,1040
0.9471153846153846,1.5414003813537522,0.9461538461538461,1.5688694942082442,0.9560439560439561,1.5366118035748395,181,1040
0.9538461538461539,1.5429597470934435,0.9461538461538461,1.5721620407792112,0.9560439560439561,1.5366118035748395,182,1040
0.9442307692307692,1.5472431586097333,0.9461538461538461,1.5737975260017945,0.9560439560439561,1.5366118035748395,183,1040
0.9557692307692308,1.5494381464775455,0.9461538461538461,1.5715325745143403,0.9560439560439561,1.5366118035748395,184,1040
0.948076923076923,1.546108210086038,0.9384615384615385,1.5662488399693664,0.9560439560439561,1.5366118035748395,185,1040
0.9548076923076924,1.541246265374181,0.9538461538461539,1.566657416882543,0.9560439560439561,1.5366118035748395,186,1040
0.9519230769230769,1.5404472104155376,0.9384615384615385,1.567486789704561,0.9560439560439561,1.5366118035748395,187,1040
0.95,1.5418599021598185,0.9538461538461539,1.5678308695800285,0.9560439560439561,1.5366118035748395,188,1040
0.95,1.5416107695849066,0.9384615384615385,1.5653544671139712,0.9560439560439561,1.5366118035748395,189,1040
0.9490384615384615,1.5413860194284907,0.9384615384615385,1.572271736064979,0.9560439560439561,1.5366118035748395,190,1040
0.95,1.5444865734305668,0.9307692307692308,1.5727620851869453,0.9560439560439561,1.5366118035748395,191,1040
0.9490384615384615,1.550251005329739,0.9230769230769231,1.5799367049992927,0.9560439560439561,1.5366118035748395,192,1040
0.9519230769230769,1.552130696109324,0.9384615384615385,1.5730828882344998,0.9560439560439561,1.5366118035748395,193,1040
0.95,1.549703359634412,0.9538461538461539,1.5702754184985916,0.9560439560439561,1.5366118035748395,194,1040
0.9519230769230769,1.5453284872309703,0.9461538461538461,1.5688701938851979,0.9560439560439561,1.5366118035748395,195,1040
0.9548076923076924,1.5426291059105501,0.9461538461538461,1.563312125053353,0.9560439560439561,1.5366118035748395,196,1040
0.9509615384615384,1.541497373340908,0.9538461538461539,1.5697943751254617,0.9560439560439561,1.5366118035748395,197,1040
0.9528846153846153,1.541932151786958,0.9384615384615385,1.5640586532065575,0.9560439560439561,1.5366118035748395,198,1040
0.95,1.5438421098741038,0.9538461538461539,1.5742861358453126,0.9560439560439561,1.5366118035748395,199,1040
0.948076923076923,1.5456686988869035,0.9384615384615385,1.56766026681334,0.9560439560439561,1.5366118035748395,200,1040
0.9490384615384615,1.545777523111714,0.9538461538461539,1.56930149248076,0.9560439560439561,1.5366118035748395,201,1040
0.9461538461538461,1.541772388380454,0.9307692307692308,1.5637816786221381,0.9560439560439561,1.5366118035748395,202,1040
0.9528846153846153,1.5383941846983682,0.9538461538461539,1.5651975279829615,0.9560439560439561,1.5366118035748395,203,1040
0.9490384615384615,1.541121058006466,0.9461538461538461,1.5739345932903466,0.9560439560439561,1.5366118035748395,204,1040
0.9509615384615384,1.5469002858157175,0.9307692307692308,1.5719205849475986,0.9560439560439561,1.5366118035748395,205,1040
0.948076923076923,1.5490502609569696,0.9461538461538461,1.5710424988189144,0.9560439560439561,1.5366118035748395,206,1040
0.9538461538461539,1.544019845571826,0.9538461538461539,1.562382704975198,0.9560439560439561,1.5366118035748395,207,1040
0.9490384615384615,1.537642402534098,0.9384615384615385,1.5601032972676545,0.9560439560439561,1.5366118035748395,208,1040
0.9548076923076924,1.5350536991984547,0.9461538461538461,1.5651748930423806,0.9560439560439561,1.5366118035748395,209,1040
0.9557692307692308,1.53790333907305,0.9384615384615385,1.5671398261757743,0.9560439560439561,1.5366118035748395,210,1040
0.95,1.5444903538001566,0.9384615384615385,1.580877049392274,0.9560439560439561,1.5366118035748395,211,1040
0.9576923076923077,1.552313248498968,0.9384615384615385,1.57864766657232,0.9560439560439561,1.5366118035748395,212,1040
0.948076923076923,1.5580022173924564,0.9461538461538461,1.5887263257173674,0.9560439560439561,1.5366118035748395,213,1040
0.9509615384615384,1.5617386687569126,0.9307692307692308,1.5813964704367354,0.9560439560439561,1.5366118035748395,214,1040
0.9519230769230769,1.5595447858761033,0.9384615384615385,1.5753842394463093,0.9560439560439561,1.5366118035748395,215,1040
0.948076923076923,1.5512763254671902,0.9461538461538461,1.5709740418661566,0.9560439560439561,1.5366118035748395,216,1040
0.9548076923076924,1.5446558429244066,0.9461538461538461,1.5666851336298917,0.9560439560439561,1.5366118035748395,217,1040
0.9509615384615384,1.54229512218569,0.9384615384615385,1.565527083392188,0.9560439560439561,1.5366118035748395,218,1040
0.9548076923076924,1.5408889269943313,0.9384615384615385,1.565538920559426,0.9560439560439561,1.5366118035748395,219,1040
0.9538461538461539,1.5399257565978572,0.9461538461538461,1.563426401315739,0.9560439560439561,1.5366118035748395,220,1040
0.95,1.5394794044180011,0.9461538461538461,1.5680315407215994,0.9560439560439561,1.5366118035748395,221,1040
0.9548076923076924,1.5400943296489054,0.9384615384615385,1.564952683890046,0.9560439560439561,1.5366118035748395,222,1040
0.9528846153846153,1.5390522493871275,0.9307692307692308,1.5595187927307843,0.9560439560439561,1.5366118035748395,223,1040
0.9538461538461539,1.5344746354785723,0.9461538461538461,1.5573988319025187,0.9560439560439561,1.5366118035748395,224,1040
0.9509615384615384,1.531252510776997,0.9384615384615385,1.5582869311958594,0.9560439560439561,1.5366118035748395,225,1040
0.9557692307692308,1.5333519107589426,0.9538461538461539,1.5634896841429802,0.9560439560439561,1.5366118035748395,226,1040
0.9538461538461539,1.5366295051158252,0.9461538461538461,1.5610481814201067,0.9560439560439561,1.5366118035748395,227,1040
0.9548076923076924,1.5353942054810554,0.9384615384615385,1.557371505870302,0.9560439560439561,1.5366118035748395,228,1040
0.9586538461538462,1.531714941557114,0.9538461538461539,1.5554618663809112,0.9560439560439561,1.5366118035748395,229,1040
0.9528846153846153,1.5306511860609955,0.9384615384615385,1.55492312936623,0.9560439560439561,1.5366118035748395,230,1040
0.9538461538461539,1.5305261627564475,0.9461538461538461,1.5561434269073031,0.9560439560439561,1.5366118035748395,231,1040
0.9548076923076924,1.529434589285805,0.9384615384615385,1.5530333412122033,0.9560439560439561,1.5366118035748395,232,1040
0.9509615384615384,1.5306050368861557,0.9461538461538461,1.5611477567301586,0.9560439560439561,1.5366118035748395,233,1040
0.9576923076923077,1.5335354976889728,0.9461538461538461,1.555976494664667,0.9560439560439561,1.5366118035748395,234,1040
0.9567307692307693,1.534688667176824,0.9461538461538461,1.5614133877730034,0.9560439560439561,1.5366118035748395,235,1040
0.9548076923076924,1.5333243855597625,0.9384615384615385,1.5571221659270456,0.9560439560439561,1.5366118035748395,236,1040
0.9596153846153846,1.5350804101240878,0.9538461538461539,1.5682160968772791,0.9560439560439561,1.5366118035748395,237,1040
0.9548076923076924,1.540586192869996,0.9307692307692308,1.5676280846753803,0.9560439560439561,1.5366118035748395,238,1040
0.9538461538461539,1.546963537468238,0.9538461538461539,1.5802078410422222,0.9560439560439561,1.5366118035748395,239,1040
0.9548076923076924,1.5519134594327202,0.9461538461538461,1.5733081239557438,0.9560439560439561,1.5366118035748395,240,1040
0.9538461538461539,1.5539433505395674,0.9615384615384616,1.5770313948183852,0.9560439560439561,1.5366118035748395,241,1040
0.9576923076923077,1.5495339693753392,0.9461538461538461,1.5607305138860517,0.9560439560439561,1.5366118035748395,242,1040
0.9567307692307693,1.538953540020405,0.9461538461538461,1.5545324763760369,0.9560439560439561,1.5366118035748395,243,1040
0.9557692307692308,1.5306652802503289,0.9384615384615385,1.5544587711840538,0.9560439560439561,1.5366118035748395,244,1040
0.9519230769230769,1.5300759417674605,0.9461538461538461,1.5577554561792293,0.9560439560439561,1.5366118035748395,245,1040
0.9576923076923077,1.5344935587885329,0.9384615384615385,1.5646008377777185,0.9560439560439561,1.5366118035748395,246,1040
0.9528846153846153,1.538726930150932,0.9461538461538461,1.559856012825015,0.9560439560439561,1.5366118035748395,247,1040
0.9605769230769231,1.5372348867361265,0.9461538461538461,1.5575794707685124,0.9560439560439561,1.5366118035748395,248,1040
0.9576923076923077,1.5312802409398645,0.9384615384615385,1.549438145640156,0.9560439560439561,1.5366118035748395,249,1040
0.9548076923076924,1.5267111661635682,0.9538461538461539,1.554655339301708,0.9560439560439561,1.5366118035748395,250,1040
0.9586538461538462,1.5274684916796808,0.9461538461538461,1.554881965974155,0.9560439560439561,1.5366118035748395,251,1040
0.9528846153846153,1.531419751699415,0.9384615384615385,1.5586889614407946,0.9560439560439561,1.5366118035748395,252,1040
0.9596153846153846,1.5337493857521107,0.9461538461538461,1.5585347816699247,0.9560439560439561,1.5366118035748395,253,1040
0.9567307692307693,1.5334090985589162,0.9307692307692308,1.5543917636518827,0.9560439560439561,1.5366118035748395,254,1040
0.9586538461538462,1.5308045855294352,0.9461538461538461,1.5525399246869744,0.9560439560439561,1.5366118035748395,255,1040
0.9567307692307693,1.527259247159033,0.9461538461538461,1.5486249257259768,0.9560439560439561,1.5366118035748395,256,1040
0.9557692307692308,1.5241171733835301,0.9384615384615385,1.5471537662848365,0.9560439560439561,1.5366118035748395,257,1040
0.9567307692307693,1.5239126793418336,0.9461538461538461,1.5527712720928137,0.9560439560439561,1.5366118035748395,258,1040
0.9605769230769231,1.526465409027644,0.9384615384615385,1.551349206867489,0.9560439560439561,1.5366118035748395,259,1040
0.9596153846153846,1.5288649978535649,0.9461538461538461,1.555978817609682,0.9560439560439561,1.5366118035748395,260,1040
0.9605769230769231,1.5295025720035154,0.9384615384615385,1.5516394213260758,0.9560439560439561,1.5366118035748395,261,1040
0.9605769230769231,1.5287756294640233,0.9538461538461539,1.5528704547798415,0.9560439560439561,1.5366118035748395,262,1040
0.9605769230769231,1.5275369911585146,0.9384615384615385,1.5499035488598425,0.9560439560439561,1.5366118035748395,263,1040
0.9548076923076924,1.5265902693228175,0.9615384615384616,1.5526487817596843,0.9560439560439561,1.5366118035748395,264,1040
0.9596153846153846,1.5270524212323433,0.9384615384615385,1.5521206755670303,0.9560439560439561,1.5366118035748395,265,1040
0.9538461538461539,1.5298177215434634,0.9615384615384616,1.5616896277809427,0.9560439560439561,1.5366118035748395,266,1040
0.9557692307692308,1.5348715917232663,0.9384615384615385,1.563534387737608,0.9560439560439561,1.5366118035748395,267,1040
0.9548076923076924,1.542977651106652,0.9615384615384616,1.5765178521618939,0.9560439560439561,1.5366118035748395,268,1040
0.9548076923076924,1.5487772464017229,0.9384615384615385,1.5696681240629322,0.9560439560439561,1.5366118035748395,269,1040
0.9548076923076924,1.5492719718570744,0.9538461538461539,1.5659986061893523,0.9560439560439561,1.5366118035748395,270,1040
0.9567307692307693,1.538899468511671,0.9384615384615385,1.5525825275293206,0.9560439560439561,1.5366118035748395,271,1040
0.9567307692307693,1.5299502138836052,0.9384615384615385,1.5544782212660506,0.9560439560439561,1.5366118035748395,272,1040
0.9557692307692308,1.5281224517909695,0.9461538461538461,1.5566309856266847,0.9560439560439561,1.5366118035748395,273,1040
0.9557692307692308,1.5327396604551553,0.9461538461538461,1.563509557852279,0.9560439560439561,1.5366118035748395,274,1040
0.9548076923076924,1.5384413942993722,0.9461538461538461,1.560452474002242,0.9560439560439561,1.5366118035748395,275,1040
0.9615384615384616,1.5373743805079498,0.9461538461538461,1.5564294507786136,0.9560439560439561,1.5366118035748395,276,1040
0.9557692307692308,1.5316869925013727,0.9615384615384616,1.5499412499623697,0.9560439560439561,1.5366118035748395,277,1040
0.9576923076923077,1.5259116847782288,0.9461538461538461,1.5505591151190632,0.9560439560439561,1.5366118035748395,278,1040
0.9586538461538462,1.5259936001487204,0.9461538461538461,1.5554797720874294,0.9560439560439561,1.5366118035748395,279,1040
0.9548076923076924,1.530815489972232,0.9461538461538461,1.5585410765021424,0.9560439560439561,1.5366118035748395,280,1040
0.9586538461538462,1.5351470133062273,0.9461538461538461,1.5601910576426183,0.9560439560439561,1.5366118035748395,281,1040
0.9586538461538462,1.5353538844879286,0.9384615384615385,1.554226055191881,0.9560439560439561,1.5366118035748395,282,1040
0.9596153846153846,1.5309438366677557,0.9538461538461539,1.5532747564550715,0.9560439560439561,1.5366118035748395,283,1040
0.9605769230769231,1.5272376175112554,0.9538461538461539,1.5507358356997953,0.9560439560439561,1.5366118035748395,284,1040
0.9586538461538462,1.5270663968498428,0.9615384615384616,1.5551734123435315,0.9560439560439561,1.5366118035748395,285,1040
0.9596153846153846,1.5301413370661794,0.9384615384615385,1.5571744856996022,0.9560439560439561,1.5366118035748395,286,1040
0.9576923076923077,1.5336004368438025,0.9615384615384616,1.558355349619176,0.9560439560439561,1.5366118035748395,287,1040
0.9596153846153846,1.5338923256917973,0.9384615384615385,1.5539211974807494,0.9560439560439561,1.5366118035748395,288,1040
0.9596153846153846,1.5305359679846515,0.9615384615384616,1.5520752010774899,0.9560439560439561,1.5366118035748395,289,1040
0.9596153846153846,1.5260486921290786,0.9461538461538461,1.5469273352749122,0.9560439560439561,1.5366118035748395,290,1040
0.9596153846153846,1.5240763971587372,0.9538461538461539,1.5523579705564161,0.9560439560439561,1.5366118035748395,291,1040
0.9567307692307693,1.5256008918153787,0.9538461538461539,1.5516406248568424,0.9560439560439561,1.5366118035748395,292,1040
0.9615384615384616,1.5290449183235075,0.9461538461538461,1.5590864322707498,0.9560439560439561,1.5366118035748395,293,1040
0.9548076923076924,1.532543675397439,0.9461538461538461,1.5563561235745944,0.9560439560439561,1.5366118035748395,294,1040
0.9596153846153846,1.5339615747332904,0.9538461538461539,1.5620922235361936,0.9560439560439561,1.5366118035748395,295,1040
0.9548076923076924,1.534998225847657,0.9461538461538461,1.5574636846936103,0.9560439560439561,1.5366118035748395,296,1040
0.9586538461538462,1.5360914664597882,0.9692307692307692,1.566507855583219,0.9560439560439561,1.5366118035748395,297,1040
0.9576923076923077,1.5387066129299491,0.9384615384615385,1.563748304250988,0.9560439560439561,1.5366118035748395,298,1040
0.9586538461538462,1.5429403797074326,0.9692307692307692,1.5702617406802073,0.9560439560439561,1.5366118035748395,299,1040
0.9596153846153846,1.5427766492519497,0.9307692307692308,1.5614262175702478,0.9560439560439561,1.5366118035748395,300,1040
0.9596153846153846,1.5396310647720117,0.9538461538461539,1.5572089368094437,0.9560439560439561,1.5366118035748395,301,1040
0.9586538461538462,1.5312122981988778,0.9461538461538461,1.54928865459578,0.9560439560439561,1.5366118035748395,302,1040
0.9596153846153846,1.5244646001312077,0.9461538461538461,1.5476456717436227,0.9560439560439561,1.5366118035748395,303,1040
0.9615384615384616,1.5228921951553596,0.9615384615384616,1.5541538005572406,0.9560439560439561,1.5366118035748395,304,1040
0.9586538461538462,1.5269830891584504,0.9461538461538461,1.5561931502547335,0.9560439560439561,1.5366118035748395,305,1040
0.9615384615384616,1.5333430372398031,0.9692307692307692,1.562579216072813,0.9560439560439561,1.5366118035748395,306,1040
0.9557692307692308,1.5347683496744375,0.9384615384615385,1.553973279033593,0.9560439560439561,1.5366118035748395,307,1040
0.9596153846153846,1.5311034993528683,0.9692307692307692,1.5520446423701362,0.9560439560439561,1.5366118035748395,308,1040
0.9596153846153846,1.524625062033041,0.9461538461538461,1.5458465024374635,0.9560439560439561,1.5366118035748395,309,1040
0.9605769230769231,1.5214056339861806,0.9538461538461539,1.5483330361328969,0.9560439560439561,1.5366118035748395,310,1040
0.9605769230769231,1.522347109098697,0.9615384615384616,1.5508660583016345,0.9560439560439561,1.5366118035748395,311,1040
0.9596153846153846,1.5253458971421245,0.9538461538461539,1.5525811044062765,0.9560439560439561,1.5366118035748395,312,1040
0.9605769230769231,1.5278466944553986,0.9615384615384616,1.554202761988788,0.9560439560439561,1.5366118035748395,313,1040
0.9586538461538462,1.5280587784036772,0.9538461538461539,1.5515385347750832,0.9560439560439561,1.5366118035748395,314,1040
0.9605769230769231,1.5267438311797221,0.9615384615384616,1.5509393029946301,0.9560439560439561,1.5366118035748395,315,1040
0.9605769230769231,1.524876445845304,0.9538461538461539,1.5498675571350289,0.9560439560439561,1.5366118035748395,316,1040
0.9605769230769231,1.5241308630460313,0.9461538461538461,1.550249178492332,0.9560439560439561,1.5366118035748395,317,1040
0.9625,1.5255085266302442,0.9615384615384616,1.5564962047117794,0.9560439560439561,1.5366118035748395,318,1040
0.9576923076923077,1.5292227746267273,0.9461538461538461,1.5576748839042318,0.9560439560439561,1.5366118035748395,319,1040
0.9615384615384616,1.534924912792616,0.9615384615384616,1.5683262544294478,0.9560439560439561,1.5366118035748395,320,1040
0.9567307692307693,1.5399202030785715,0.9461538461538461,1.563847624364029,0.9560439560439561,1.5366118035748395,321,1040
0.9596153846153846,1.5426198647443807,0.9615384615384616,1.5689755118683946,0.9560439560439561,1.5366118035748395,322,1040
0.9596153846153846,1.5405568473646618,0.9538461538461539,1.5589319813855482,0.9560439560439561,1.5366118035748395,323,1040
0.9605769230769231,1.537419692534447,0.9615384615384616,1.5648902554220772,0.9560439560439561,1.5366118035748395,324,1040
0.9548076923076924,1.5366314058377568,0.9538461538461539,1.5618241876861554,0.9560439560439561,1.5366118035748395,325,1040
0.9634615384615385,1.5392017323678462,0.9615384615384616,1.5704145537791967,0.9560439560439561,1.5366118035748395,326,1040
0.9538461538461539,1.5431773445427475,0.9538461538461539,1.563066865323233,0.9560439560439561,1.5366118035748395,327,1040
0.9625,1.5400863443541832,0.9538461538461539,1.558437745343602,0.9560439560439561,1.5366118035748395,328,1040
0.9576923076923077,1.5323465010883257,0.9538461538461539,1.5504876119331572,0.9560439560439561,1.5366118035748395,329,1040
0.9615384615384616,1.5247799416130803,0.9615384615384616,1.5501516492442806,0.9560439560439561,1.5366118035748395,330,1040
0.9586538461538462,1.5249225208383008,0.9461538461538461,1.5586788153514803,0.9560439560439561,1.5366118035748395,331,1040
0.9567307692307693,1.5313919467905353,0.9615384615384616,1.5601810242908927,0.9560439560439561,1.5366118035748395,332,1040
0.9615384615384616,1.5362554647236832,0.9538461538461539,1.5608939834990692,0.9560439560439561,1.5366118035748395,333,1040
0.9605769230769231,1.5339686506387498,0.9538461538461539,1.550856806549998,0.9560439560439561,1.5366118035748395,334,1040
0.9596153846153846,1.5258270705659545,0.9615384615384616,1.5475277711335633,0.9560439560439561,1.5366118035748395,335,1040
0.9625,1.5203576890389066,0.9615384615384616,1.5475195543367581,0.9560439560439561,1.5366118035748395,336,1040
0.9615384615384616,1.520771084650731,0.9538461538461539,1.5504569694280699,0.9560439560439561,1.5366118035748395,337,1040
0.9605769230769231,1.5246334626583908,0.9615384615384616,1.5545487953526984,0.9560439560439561,1.5366118035748395,338,1040
0.9586538461538462,1.5276646030995933,0.9538461538461539,1.5519023427737533,0.9560439560439561,1.5366118035748395,339,1040
0.9596153846153846,1.5266571409305036,0.9615384615384616,1.5507257171578501,0.9560439560439561,1.5366118035748395,340,1040
0.9596153846153846,1.5231691184830434,0.9615384615384616,1.5472842985749706,0.9560439560439561,1.5366118035748395,341,1040
0.9596153846153846,1.5204404357929517,0.9615384615384616,1.547738853358404,0.9560439560439561,1.5366118035748395,342,1040
0.9625,1.5204039326985401,0.9538461538461539,1.5497101790119285,0.9560439560439561,1.5366118035748395,343,1040
0.9605769230769231,1.5228168121862111,0.9538461538461539,1.5521217913698846,0.9560439560439561,1.5366118035748395,344,1040
0.9596153846153846,1.5257944762397389,0.9538461538461539,1.5540355075519843,0.9560439560439561,1.5366118035748395,345,1040
0.9615384615384616,1.5274737149674902,0.9538461538461539,1.5531668400248788,0.9560439560439561,1.5366118035748395,346,1040
0.9615384615384616,1.526702560733572,0.9538461538461539,1.551802483784781,0.9560439560439561,1.5366118035748395,347,1040
0.9596153846153846,1.5247650177813372,0.9615384615384616,1.5501484155740606,0.9560439560439561,1.5366118035748395,348,1040
0.9605769230769231,1.5233081176880066,0.9538461538461539,1.5509715269679176,0.9560439560439561,1.5366118035748395,349,1040
0.9605769230769231,1.5240662189144691,0.9461538461538461,1.5541027200011381,0.9560439560439561,1.5366118035748395,350,1040
0.9596153846153846,1.527040068253564,0.9692307692307692,1.5578876351218605,0.9560439560439561,1.5366118035748395,351,1040
0.9586538461538462,1.531212619153949,0.9461538461538461,1.5610753544990081,0.9560439560439561,1.5366118035748395,352,1040
0.9576923076923077,1.534426459813302,0.9846153846153847,1.561054173236575,0.9560439560439561,1.5366118035748395,353,1040
0.9596153846153846,1.5343438436845545,0.9461538461538461,1.5565525486226621,0.9560439560439561,1.5366118035748395,354,1040
0.9625,1.5307236685888328,0.9769230769230769,1.5531435527035713,0.9560439560439561,1.5366118035748395,355,1040
0.9596153846153846,1.5253392811271342,0.9538461538461539,1.5475693132788442,0.9560439560439561,1.5366118035748395,356,1040
0.9625,1.521692736508043,0.9692307692307692,1.5502616999474037,0.9560439560439561,1.5366118035748395,357,1040
0.9605769230769231,1.5213436291177667,0.9538461538461539,1.549143734759728,0.9560439560439561,1.5366118035748395,358,1040
0.9644230769230769,1.5241845699535679,0.9692307692307692,1.558471816473028,0.9560439560439561,1.5366118035748395,359,1040
0.9586538461538462,1.5292041667258005,0.9615384615384616,1.557440770352846,0.9560439560439561,1.5366118035748395,360,1040
0.9644230769230769,1.534161087769614,0.9692307692307692,1.5689322717347578,0.9560439560439561,1.5366118035748395,361,1040
0.9567307692307693,1.5388794475710534,0.9615384615384616,1.564024617932191,0.9560439560439561,1.5366118035748395,362,1040
0.9644230769230769,1.5419063473142043,0.9692307692307692,1.574271200058939,0.9560439560439561,1.5366118035748395,363,1040
0.9576923076923077,1.5435581051215101,0.9461538461538461,1.5684266410869547,0.9560439560439561,1.5366118035748395,364,1040
0.9615384615384616,1.5460814545714847,0.9692307692307692,1.5737883214219617,0.9560439560439561,1.5366118035748395,365,1040
0.9576923076923077,1.5445653410651792,0.9461538461538461,1.565846515535349,0.9560439560439561,1.5366118035748395,366,1040
0.9605769230769231,1.541270674442794,0.9615384615384616,1.558986276683929,0.9560439560439561,1.5366118035748395,367,1040
0.9634615384615385,1.5320323395119764,0.9692307692307692,1.5526048777723223,0.9560439560439561,1.5366118035748395,368,1040
0.9615384615384616,1.5246734287130865,0.9615384615384616,1.5488961353542856,0.9560439560439561,1.5366118035748395,369,1040
0.9615384615384616,1.5232169345677726,0.9692307692307692,1.55785901668698,0.9560439560439561,1.5366118035748395,370,1040
0.9576923076923077,1.5278371438172913,0.9538461538461539,1.5583621327863186,0.9560439560439561,1.5366118035748395,371,1040
0.9615384615384616,1.5340118561317722,0.9692307692307692,1.5637266572794688,0.9560439560439561,1.5366118035748395,372,1040
0.9586538461538462,1.5343048537791797,0.9461538461538461,1.5547577137516932,0.9560439560439561,1.5366118035748395,373,1040
0.9615384615384616,1.530229663522659,0.9769230769230769,1.5523904944131008,0.9560439560439561,1.5366118035748395,374,1040
0.9605769230769231,1.5241966390208137,0.9461538461538461,1.5492989126629688,0.9560439560439561,1.5366118035748395,375,1040
0.9625,1.5222776090477557,0.9615384615384616,1.55313575857065,0.9560439560439561,1.5366118035748395,376,1040
0.9615384615384616,1.5256260458228323,0.9461538461538461,1.5595965596137786,0.9560439560439561,1.5366118035748395,377,1040
0.9644230769230769,1.5316751360350869,0.9538461538461539,1.5630485497265698,0.9560439560439561,1.5366118035748395,378,1040
0.9615384615384616,1.5364017959071279,0.9538461538461539,1.5613214230357795,0.9560439560439561,1.5366118035748395,379,1040
0.9634615384615385,1.5342824588716173,0.9692307692307692,1.5544642373727136,0.9560439560439561,1.5366118035748395,380,1040
0.9625,1.5274676218510785,0.9615384615384616,1.5472038134088952,0.9560439560439561,1.5366118035748395,381,1040
0.9663461538461539,1.5204172290587854,0.9692307692307692,1.5467979116529698,0.9560439560439561,1.5366118035748395,382,1040
0.9615384615384616,1.5181844230068826,0.9615384615384616,1.547270921222777,0.9560439560439561,1.5366118035748395,383,1040
0.9625,1.5208841999698874,0.9692307692307692,1.554584721862392,0.9560439560439561,1.5366118035748395,384,1040
0.9625,1.525295980882669,0.9615384615384616,1.5545844378777338,0.9560439560439561,1.5366118035748395,385,1040
0.9615384615384616,1.5283435357994997,0.9692307692307692,1.556040440771307,0.9560439560439561,1.5366118035748395,386,1040
0.9615384615384616,1.5270428813097772,0.9692307692307692,1.5496438964699824,0.9560439560439561,1.5366118035748395,387,1040
0.9634615384615385,1.523351896806084,0.9692307692307692,1.548917544377373,0.9560439560439561,1.5366118035748395,388,1040
0.9596153846153846,1.5195434760840671,0.9615384615384616,1.5446624763180676,0.9560439560439561,1.5366118035748395,389,1040
0.9653846153846154,1.5181068018733346,0.9692307692307692,1.5484244221671843,0.9560439560439561,1.5366118035748395,390,1040
0.9605769230769231,1.519016536873624,0.9615384615384616,1.5480668598016285,0.9560439560439561,1.5366118035748395,391,1040
0.9663461538461539,1.5212277251992539,0.9692307692307692,1.5517628512906836,0.9560439560439561,1.5366118035748395,392,1040
0.9596153846153846,1.5237115936927856,0.9692307692307692,1.5521412559487333,0.9560439560439561,1.5366118035748395,393,1040
0.9653846153846154,1.5250804835745113,0.9692307692307692,1.5531713998257701,0.9560439560439561,1.5366118035748395,394,1040
0.9605769230769231,1.5254253918889962,0.9615384615384616,1.5515996776376102,0.9560439560439561,1.5366118035748395,395,1040
0.9653846153846154,1.5244171689120496,0.9769230769230769,1.5521353632523018,0.9560439560439561,1.5366118035748395,396,1040
0.9596153846153846,1.523418996979039,0.9461538461538461,1.54998820067766,0.9560439560439561,1.5366118035748395,397,1040
0.9673076923076923,1.5234580498466124,0.9769230769230769,1.5555593500190645,0.9560439560439561,1.5366118035748395,398,1040
0.9605769230769231,1.5255280042257915,0.9461538461538461,1.554792368119434,0.9560439560439561,1.5366118035748395,399,1040
0.9634615384615385,1.5299454131882089,0.9769230769230769,1.5645863534495335,0.9560439560439561,1.5366118035748395,400,1040
0.9586538461538462,1.5335977946619905,0.9461538461538461,1.5602470269555206,0.9560439560439561,1.5366118035748395,401,1040
0.9605769230769231,1.535797280197019,0.9769230769230769,1.562030435507412,0.9560439560439561,1.5366118035748395,402,1040
0.9596153846153846,1.5318101627047376,0.9461538461538461,1.5521043490277862,0.9560439560439561,1.5366118035748395,403,1040
0.9625,1.525578559747548,0.9692307692307692,1.5481908642732118,0.9560439560439561,1.5366118035748395,404,1040
0.9644230769230769,1.5192404224786606,0.9615384615384616,1.5455895213103148,0.9560439560439561,1.5366118035748395,405,1040
0.9596153846153846,1.5163328772361435,0.9538461538461539,1.5447453442399401,0.9560439560439561,1.5366118035748395,406,1040
0.9663461538461539,1.517339269595502,0.9692307692307692,1.5516077794508687,0.9560439560439561,1.5366118035748395,407,1040
0.9586538461538462,1.5210116836820708,0.9461538461538461,1.5513807111814988,0.9560439560439561,1.5366118035748395,408,1040
0.9644230769230769,1.5256823559928352,0.9769230769230769,1.5598006214501552,0.9560439560439561,1.5366118035748395,409,1040
0.9576923076923077,1.5284427877425728,0.9461538461538461,1.55453077120647,0.9560439560439561,1.5366118035748395,410,1040
0.9644230769230769,1.529425069847256,0.9692307692307692,1.5580945217527522,0.9560439560439561,1.5366118035748395,411,1040
0.9586538461538462,1.5270208527097069,0.9615384615384616,1.5501178390749148,0.9560439560439561,1.5366118035748395,412,1040
0.9711538461538461,1.5241271792488313,0.9615384615384616,1.55227188312112,0.9560439560439561,1.5366118035748395,413,1040
0.9625,1.5224223845698142,0.9615384615384616,1.550823914442664,0.9560439560439561,1.5366118035748395,414,1040
0.9644230769230769,1.523521010087218,0.9615384615384616,1.55642814086091,0.9560439560439561,1.5366118035748395,415,1040
0.9605769230769231,1.5277770706664617,0.9769230769230769,1.561678179401912,0.9560439560439561,1.5366118035748395,416,1040
0.9625,1.5335550359413008,0.9538461538461539,1.5643999003995113,0.9560439560439561,1.5366118035748395,417,1040
0.9634615384615385,1.5363872718834084,0.9692307692307692,1.5613175069853715,0.9560439560439561,1.5366118035748395,418,1040
0.9625,1.5329290869896035,0.9461538461538461,1.5541466722451538,0.9560439560439561,1.5366118035748395,419,1040
0.9663461538461539,1.5250752440829733,0.9769230769230769,1.5474899624332183,0.9560439560439561,1.5366118035748395,420,1040
0.9634615384615385,1.5187089104651101,0.9538461538461539,1.5484667194171777,0.9560439560439561,1.5366118035748395,421,1040
0.9634615384615385,1.5184026238732946,0.9461538461538461,1.5527556100276816,0.9560439560439561,1.5366118035748395,422,1040
0.9605769230769231,1.523850561500486,0.9538461538461539,1.5600821913474372,0.9560439560439561,1.5366118035748395,423,1040
0.9644230769230769,1.5313531072464528,0.9461538461538461,1.5651258862180106,0.9560439560439561,1.5366118035748395,424,1040
0.9625,1.5363980858355106,0.9615384615384616,1.5632953580396507,0.9560439560439561,1.5366118035748395,425,1040
0.9682692307692308,1.5355895429209938,0.9538461538461539,1.5619410449106603,0.9560439560439561,1.5366118035748395,426,1040
0.9634615384615385,1.532620644908391,0.9461538461538461,1.559315555792862,0.9560439560439561,1.5366118035748395,427,1040
0.9663461538461539,1.530607503829702,0.9615384615384616,1.5611879809963376,0.9560439560439561,1.5366118035748395,428,1040
0.9634615384615385,1.532116392359481,0.9461538461538461,1.5620470395737605,0.9560439560439561,1.5366118035748395,429,1040
0.9634615384615385,1.5333751988521507,0.9692307692307692,1.5578439305656702,0.9560439560439561,1.5366118035748395,430,1040
0.9682692307692308,1.5300949388838596,0.9615384615384616,1.5523252204740106,0.9560439560439561,1.5366118035748395,431,1040
0.9625,1.5232956675153277,0.9538461538461539,1.5466152542035136,0.9560439560439561,1.5366118035748395,432,1040
0.9682692307692308,1.518249658640642,0.9692307692307692,1.5499252995630575,0.9560439560439561,1.5366118035748395,433,1040
0.9615384615384616,1.5191572914647025,0.9461538461538461,1.5521796523758702,0.9560439560439561,1.5366118035748395,434,1040
0.9653846153846154,1.524581488579398,0.9692307692307692,1.559471589836758,0.9560439560439561,1.5366118035748395,435,1040
0.9605769230769231,1.5289715132374198,0.9461538461538461,1.5548412675637278,0.9560439560439561,1.5366118035748395,436,1040
0.9653846153846154,1.528267497354705,0.9769230769230769,1.5529909075889299,0.9560439560439561,1.5366118035748395,437,1040
0.9615384615384616,1.5232221225658114,0.9615384615384616,1.5462186686512518,0.9560439560439561,1.5366118035748395,438,1040
0.9673076923076923,1.5185165582356512,0.9692307692307692,1.546954412427203,0.9560439560439561,1.5366118035748395,439,1040
0.9653846153846154,1.5171977116548176,0.9615384615384616,1.5482347030945363,0.9560439560439561,1.5366118035748395,440,1040
0.9625,1.5189945371482798,0.9538461538461539,1.550117997532484,0.9560439560439561,1.5366118035748395,441,1040
0.9663461538461539,1.5218296101131776,0.9769230769230769,1.5534023173506093,0.9560439560439561,1.5366118035748395,442,1040
0.9605769230769231,1.5228784958431898,0.9538461538461539,1.5492528068603033,0.9560439560439561,1.5366118035748395,443,1040
0.9682692307692308,1.522599647456181,0.9615384615384616,1.5529383939487043,0.9560439560439561,1.5366118035748395,444,1040
0.9605769230769231,1.5215783565623364,0.9615384615384616,1.5488931362715848,0.9560439560439561,1.5366118035748395,445,1040
0.9692307692307692,1.5224358211751408,0.9615384615384616,1.5570754800194686,0.9560439560439561,1.5366118035748395,446,1040
0.9625,1.5257223085028957,0.9615384615384616,1.5568690364216593,0.9560439560439561,1.5366118035748395,447,1040
0.9663461538461539,1.5308099738446694,0.9615384615384616,1.5670022443156573,0.9560439560439561,1.5366118035748395,448,1040
0.9615384615384616,1.5367055881907214,0.9538461538461539,1.5638988545559,0.9560439560439561,1.5366118035748395,449,1040
0.9663461538461539,1.5382525782556242,0.9692307692307692,1.5649417753349675,0.9560439560439561,1.5366118035748395,450,1040
0.9644230769230769,1.5353815714668675,0.9692307692307692,1.5568295629219275,0.9560439560439561,1.5366118035748395,451,1040
0.9682692307692308,1.5291680936652334,0.9692307692307692,1.553440614479792,0.9560439560439561,1.5366118035748395,452,1040
0.9644230769230769,1.5242987291076129,0.9615384615384616,1.5534965666985812,0.9560439560439561,1.5366118035748395,453,1040
0.9653846153846154,1.5237131001237767,0.9615384615384616,1.5542391971813603,0.9560439560439561,1.5366118035748395,454,1040
0.9701923076923077,1.5263964346853698,0.9692307692307692,1.5599142127470387,0.9560439560439561,1.5366118035748395,455,1040
0.9634615384615385,1.529967976382823,0.9615384615384616,1.5574696985316796,0.9560439560439561,1.5366118035748395,456,1040
0.9730769230769231,1.5307676147032983,0.9538461538461539,1.5582464491892045,0.9560439560439561,1.5366118035748395,457,1040
0.9615384615384616,1.5276363414852063,0.9461538461538461,1.5511568059666212,0.9560439560439561,1.5366118035748395,458,1040
0.9692307692307692,1.5236668786075152,0.9692307692307692,1.5533532116485829,0.9560439560439561,1.5366118035748395,459,1040
0.9605769230769231,1.5219747713284821,0.9461538461538461,1.550997209442199,0.9560439560439561,1.5366118035748395,460,1040
0.9663461538461539,1.5230313082942466,0.9769230769230769,1.5542699387782528,0.9560439560439561,1.5366118035748395,461,1040
0.9634615384615385,1.5237095303949622,0.9615384615384616,1.5500495807818353,0.9560439560439561,1.5366118035748395,462,1040
0.9653846153846154,1.5220781196677806,0.9615384615384616,1.5488053132352926,0.9560439560439561,1.5366118035748395,463,1040
0.9673076923076923,1.5187698808598509,0.9615384615384616,1.545972441828495,0.9560439560439561,1.5366118035748395,464,1040
0.9644230769230769,1.5164381803289007,0.9538461538461539,1.5465865845477318,0.9560439560439561,1.5366118035748395,465,1040
0.9682692307692308,1.5167958227205833,0.9615384615384616,1.5499431087372557,0.9560439560439561,1.5366118035748395,466,1040
0.9634615384615385,1.5194762412182843,0.9538461538461539,1.5516407253680213,0.9560439560439561,1.5366118035748395,467,1040
0.9663461538461539,1.5228456343135748,0.9615384615384616,1.5548182196986442,0.9560439560439561,1.5366118035748395,468,1040
0.9653846153846154,1.524976949614082,0.9538461538461539,1.553413296651696,0.9560439560439561,1.5366118035748395,469,1040
0.9682692307692308,1.5253055316358137,0.9615384615384616,1.5549122711040362,0.9560439560439561,1.5366118035748395,470,1040
0.9644230769230769,1.5251555785006614,0.9615384615384616,1.5545459814494638,0.9560439560439561,1.5366118035748395,471,1040
0.9692307692307692,1.5261504425162886,0.9615384615384616,1.5592052019039282,0.9560439560439561,1.5366118035748395,472,1040
0.9634615384615385,1.5297222429988138,0.9615384615384616,1.562639357368197,0.9560439560439561,1.5366118035748395,473,1040
0.9663461538461539,1.533185040402439,0.9538461538461539,1.5632429219828237,0.9560439560439561,1.5366118035748395,474,1040
0.9653846153846154,1.5350519977091428,0.9615384615384616,1.5609658206656067,0.9560439560439561,1.5366118035748395,475,1040
0.9615384615384616,1.5305194507844726,0.9615384615384616,1.5519621030700728,0.9560439560439561,1.5366118035748395,476,1040
0.9692307692307692,1.5246987166772594,0.9615384615384616,1.5515829262396161,0.9560439560439561,1.5366118035748395,477,1040
0.9644230769230769,1.5201213084150482,0.9615384615384616,1.5460361275985206,0.9560439560439561,1.5366118035748395,478,1040
0.9701923076923077,1.5195423394735852,0.9615384615384616,1.5531247880056689,0.9560439560439561,1.5366118035748395,479,1040
0.9644230769230769,1.521866615313035,0.9615384615384616,1.5497318046532556,0.9560439560439561,1.5366118035748395,480,1040
0.9701923076923077,1.5236414637051852,0.9615384615384616,1.5541160854083371,0.9560439560439561,1.5366118035748395,481,1040
0.9634615384615385,1.5238730957555626,0.9615384615384616,1.5495090300138976,0.9560439560439561,1.5366118035748395,482,1040
0.9711538461538461,1.5222344816900157,0.9615384615384616,1.5509250839071582,0.9560439560439561,1.5366118035748395,483,1040
0.9653846153846154,1.5211260886425575,0.9538461538461539,1.550151493312632,0.9560439560439561,1.5366118035748395,484,1040
0.9692307692307692,1.5215884274475358,0.9615384615384616,1.5527041224063067,0.9560439560439561,1.5366118035748395,485,1040
0.9653846153846154,1.5233666192218989,0.9538461538461539,1.553447610390844,0.9560439560439561,1.5366118035748395,486,1040
0.9692307692307692,1.524921024120597,0.9615384615384616,1.5536814413501767,0.9560439560439561,1.5366118035748395,487,1040
0.9682692307692308,1.524652239003085,0.9615384615384616,1.5513070018557797,0.9560439560439561,1.5366118035748395,488,1040
0.9663461538461539,1.5227162839530708,0.9692307692307692,1.5494575566844162,0.9560439560439561,1.5366118035748395,489,1040
0.9701923076923077,1.5202674627405683,0.9615384615384616,1.5490346992908837,0.9560439560439561,1.5366118035748395,490,1040
0.9634615384615385,1.519201103775059,0.9615384615384616,1.5487970454510884,0.9560439560439561,1.5366118035748395,491,1040
0.9692307692307692,1.520004803561949,0.9692307692307692,1.5527506837928269,0.9560439560439561,1.5366118035748395,492,1040
0.9605769230769231,1.5218490165726701,0.9538461538461539,1.5511141330869294,0.9560439560439561,1.5366118035748395,493,1040
0.9673076923076923,1.5237181342760728,0.9615384615384616,1.5550121658085738,0.9560439560439561,1.5366118035748395,494,1040
0.9596153846153846,1.5236217570447859,0.9615384615384616,1.5490091424266879,0.9560439560439561,1.5366118035748395,495,1040
0.9701923076923077,1.522590135309267,0.9615384615384616,1.552266711169874,0.9560439560439561,1.5366118035748395,496,1040
0.9625,1.5206372742632985,0.9615384615384616,1.5465306490446076,0.9560439560439561,1.5366118035748395,497,1040
0.9682692307692308,1.519746908450031,0.9615384615384616,1.5513556229151124,0.9560439560439561,1.5366118035748395,498,1040
0.9663461538461539,1.5199033229656564,0.9615384615384616,1.5474796432658904,0.9560439560439561,1.5366118035748395,499,1040
0.9673076923076923,1.520276065670139,0.9615384615384616,1.551218239836168,0.9560439560439561,1.5366118035748395,500,1040
